Workbook

Sheet contracts
A1: Name | B1: KOL_ID | C1: Area | D1: Country | E1: Contract Value(USD) | F1: Contract Start | G1: Contract End | H1: Days Left | I1: Task | J1: Activity | K1: Times | L1: Frequency | M1: Lat | N1: Lon
A2: Dr. Robert Jung | B2: 101001 | C2: Europe | D2: UK | F2: 45758 | G2: 46022 | H2: =IF(ISBLANK(G2), "", IF(INT(G2 - TODAY()) >= 0, "D-" & INT(G2 - TODAY()), "D+" & ABS(INT(G2 - TODAY())))) -> D-44 | I2: Lecture | J2: offline lecture | K2: per quarter | L2: {=_xlfn.IFS(OR(ISBLANK(F2), ISBLANK(G2), ISBLANK(K2)), "", K2="per quarter", (ROUNDUP(MONTH(G2)/3,0) - ROUNDUP(MONTH(F2)/3,0)) + (YEAR(G2) - YEAR(F2)) * 4 + 1, K2="per month", (MONTH(G2) - MONTH(F2)) + (YEAR(G2) - YEAR(F2)) * 12 + 1, K2="bimonthly", ROUNDUP(((MONTH(G2) - MONTH(F2)) + (YEAR(G2) - YEAR(F2)) * 12 + 1) / 2, 0), K2="per year", (YEAR(G2) - YEAR(F2)) + 1, K2="biyear", ROUNDUP(((YEAR(G2) - YEAR(F2)) + 1) / 2, 0), TRUE, "")} -> 3 | M2: -3.435973 | N2: 55.378051
A3: Dr. Filip Rebelo | B3: 102001 | C3: Europe | D3: Sweden | F3: 45757 | G3: 46022 | H3: =IF(ISBLANK(G3), "", IF(INT(G3 - TODAY()) >= 0, "D-" & INT(G3 - TODAY()), "D+" & ABS(INT(G3 - TODAY())))) -> D-44 | I3: Lecture | J3: offline lecture | K3: per quarter | L3: {=_xlfn.IFS(OR(ISBLANK(F3), ISBLANK(G3), ISBLANK(K3)), "", K3="per quarter", (ROUNDUP(MONTH(G3)/3,0) - ROUNDUP(MONTH(F3)/3,0)) + (YEAR(G3) - YEAR(F3)) * 4 + 1, K3="per month", (MONTH(G3) - MONTH(F3)) + (YEAR(G3) - YEAR(F3)) * 12 + 1, K3="bimonthly", ROUNDUP(((MONTH(G3) - MONTH(F3)) + (YEAR(G3) - YEAR(F3)) * 12 + 1) / 2, 0), K3="per year", (YEAR(G3) - YEAR(F3)) + 1, K3="biyear", ROUNDUP(((YEAR(G3) - YEAR(F3)) + 1) / 2, 0), TRUE, "")} -> 3 | M3: 13.004927 | N3: 55.604807
A4: Dr. Filip Rebelo | B4: 102001 | C4: Europe | D4: Sweden | F4: 45757 | G4: 46022 | H4: =IF(ISBLANK(G4), "", IF(INT(G4 - TODAY()) >= 0, "D-" & INT(G4 - TODAY()), "D+" & ABS(INT(G4 - TODAY())))) -> D-44 | I4: Case Report | J4: Article case | K4: per year | L4: {=_xlfn.IFS(OR(ISBLANK(F4), ISBLANK(G4), ISBLANK(K4)), "", K4="per quarter", (ROUNDUP(MONTH(G4)/3,0) - ROUNDUP(MONTH(F4)/3,0)) + (YEAR(G4) - YEAR(F4)) * 4 + 1, K4="per month", (MONTH(G4) - MONTH(F4)) + (YEAR(G4) - YEAR(F4)) * 12 + 1, K4="bimonthly", ROUNDUP(((MONTH(G4) - MONTH(F4)) + (YEAR(G4) - YEAR(F4)) * 12 + 1) / 2, 0), K4="per year", (YEAR(G4) - YEAR(F4)) + 1, K4="biyear", ROUNDUP(((YEAR(G4) - YEAR(F4)) + 1) / 2, 0), TRUE, "")} -> 1 | M4: 13.004927 | N4: 55.604807
A5: Dr. Alexandre Richard | B5: 103001 | C5: Europe | D5: France | F5: 45764 | G5: 46022 | H5: =IF(ISBLANK(G5), "", IF(INT(G5 - TODAY()) >= 0, "D-" & INT(G5 - TODAY()), "D+" & ABS(INT(G5 - TODAY())))) -> D-44 | I5: Webinar | J5: Webinar | K5: per year | L5: {=_xlfn.IFS(OR(ISBLANK(F5), ISBLANK(G5), ISBLANK(K5)), "", K5="per quarter", (ROUNDUP(MONTH(G5)/3,0) - ROUNDUP(MONTH(F5)/3,0)) + (YEAR(G5) - YEAR(F5)) * 4 + 1, K5="per month", (MONTH(G5) - MONTH(F5)) + (YEAR(G5) - YEAR(F5)) * 12 + 1, K5="bimonthly", ROUNDUP(((MONTH(G5) - MONTH(F5)) + (YEAR(G5) - YEAR(F5)) * 12 + 1) / 2, 0), K5="per year", (YEAR(G5) - YEAR(F5)) + 1, K5="biyear", ROUNDUP(((YEAR(G5) - YEAR(F5)) + 1) / 2, 0), TRUE, "")} -> 1 | M5: 2.3513765 | N5: 48.857548
A6: Dr. Alexandre Richard | B6: 103001 | C6: Europe | D6: France | F6: 45764 | G6: 46022 | H6: =IF(ISBLANK(G6), "", IF(INT(G6 - TODAY()) >= 0, "D-" & INT(G6 - TODAY()), "D+" & ABS(INT(G6 - TODAY())))) -> D-44 | I6: Lecture | J6: ADF Lecture | K6: per year | L6: {=_xlfn.IFS(OR(ISBLANK(F6), ISBLANK(G6), ISBLANK(K6)), "", K6="per quarter", (ROUNDUP(MONTH(G6)/3,0) - ROUNDUP(MONTH(F6)/3,0)) + (YEAR(G6) - YEAR(F6)) * 4 + 1, K6="per month", (MONTH(G6) - MONTH(F6)) + (YEAR(G6) - YEAR(F6)) * 12 + 1, K6="bimonthly", ROUNDUP(((MONTH(G6) - MONTH(F6)) + (YEAR(G6) - YEAR(F6)) * 12 + 1) / 2, 0), K6="per year", (YEAR(G6) - YEAR(F6)) + 1, K6="biyear", ROUNDUP(((YEAR(G6) - YEAR(F6)) + 1) / 2, 0), TRUE, "")} -> 1 | M6: 2.3513765 | N6: 48.857548
A7: Dr. Alexandre Richard | B7: 103001 | C7: Europe | D7: France | F7: 45764 | G7: 46022 | H7: =IF(ISBLANK(G7), "", IF(INT(G7 - TODAY()) >= 0, "D-" & INT(G7 - TODAY()), "D+" & ABS(INT(G7 - TODAY())))) -> D-44 | I7: SNS Posting | J7: social activities | K7: per year | L7: {=_xlfn.IFS(OR(ISBLANK(F7), ISBLANK(G7), ISBLANK(K7)), "", K7="per quarter", (ROUNDUP(MONTH(G7)/3,0) - ROUNDUP(MONTH(F7)/3,0)) + (YEAR(G7) - YEAR(F7)) * 4 + 1, K7="per month", (MONTH(G7) - MONTH(F7)) + (YEAR(G7) - YEAR(F7)) * 12 + 1, K7="bimonthly", ROUNDUP(((MONTH(G7) - MONTH(F7)) + (YEAR(G7) - YEAR(F7)) * 12 + 1) / 2, 0), K7="per year", (YEAR(G7) - YEAR(F7)) + 1, K7="biyear", ROUNDUP(((YEAR(G7) - YEAR(F7)) + 1) / 2, 0), TRUE, "")} -> 1 | M7: 2.3513765 | N7: 48.857548
A8: Dr. Gary Finelle | B8: 103002 | C8: Europe | D8: France | H8: =IF(ISBLANK(G8), "", IF(INT(G8 - TODAY()) >= 0, "D-" & INT(G8 - TODAY()), "D+" & ABS(INT(G8 - TODAY())))) | I8: R&D Feedback | J8: R&D Feedback | K8: per year | L8: {=_xlfn.IFS(OR(ISBLANK(F8), ISBLANK(G8), ISBLANK(K8)), "", K8="per quarter", (ROUNDUP(MONTH(G8)/3,0) - ROUNDUP(MONTH(F8)/3,0)) + (YEAR(G8) - YEAR(F8)) * 4 + 1, K8="per month", (MONTH(G8) - MONTH(F8)) + (YEAR(G8) - YEAR(F8)) * 12 + 1, K8="bimonthly", ROUNDUP(((MONTH(G8) - MONTH(F8)) + (YEAR(G8) - YEAR(F8)) * 12 + 1) / 2, 0), K8="per year", (YEAR(G8) - YEAR(F8)) + 1, K8="biyear", ROUNDUP(((YEAR(G8) - YEAR(F8)) + 1) / 2, 0), TRUE, "")} | M8: 2.3011467 | N8: 48.857299
A9: Dr. Gary Finelle | B9: 103002 | C9: Europe | D9: France | H9: =IF(ISBLANK(G9), "", IF(INT(G9 - TODAY()) >= 0, "D-" & INT(G9 - TODAY()), "D+" & ABS(INT(G9 - TODAY())))) | I9: Case Report | J9: Case | K9: per year | L9: {=_xlfn.IFS(OR(ISBLANK(F9), ISBLANK(G9), ISBLANK(K9)), "", K9="per quarter", (ROUNDUP(MONTH(G9)/3,0) - ROUNDUP(MONTH(F9)/3,0)) + (YEAR(G9) - YEAR(F9)) * 4 + 1, K9="per month", (MONTH(G9) - MONTH(F9)) + (YEAR(G9) - YEAR(F9)) * 12 + 1, K9="bimonthly", ROUNDUP(((MONTH(G9) - MONTH(F9)) + (YEAR(G9) - YEAR(F9)) * 12 + 1) / 2, 0), K9="per year", (YEAR(G9) - YEAR(F9)) + 1, K9="biyear", ROUNDUP(((YEAR(G9) - YEAR(F9)) + 1) / 2, 0), TRUE, "")} | M9: 2.3011467 | N9: 48.857299
A10: Dr. Gary Finelle | B10: 103002 | C10: Europe | D10: France | H10: =IF(ISBLANK(G10), "", IF(INT(G10 - TODAY()) >= 0, "D-" & INT(G10 - TODAY()), "D+" & ABS(INT(G10 - TODAY())))) | I10: (Other) | J10: Contents creation | K10: per year | L10: {=_xlfn.IFS(OR(ISBLANK(F10), ISBLANK(G10), ISBLANK(K10)), "", K10="per quarter", (ROUNDUP(MONTH(G10)/3,0) - ROUNDUP(MONTH(F10)/3,0)) + (YEAR(G10) - YEAR(F10)) * 4 + 1, K10="per month", (MONTH(G10) - MONTH(F10)) + (YEAR(G10) - YEAR(F10)) * 12 + 1, K10="bimonthly", ROUNDUP(((MONTH(G10) - MONTH(F10)) + (YEAR(G10) - YEAR(F10)) * 12 + 1) / 2, 0), K10="per year", (YEAR(G10) - YEAR(F10)) + 1, K10="biyear", ROUNDUP(((YEAR(G10) - YEAR(F10)) + 1) / 2, 0), TRUE, "")} | M10: 2.3011467 | N10: 48.857299
A11: Dr. Gary Finelle | B11: 103002 | C11: Europe | D11: France | H11: =IF(ISBLANK(G11), "", IF(INT(G11 - TODAY()) >= 0, "D-" & INT(G11 - TODAY()), "D+" & ABS(INT(G11 - TODAY())))) | I11: Lecture | J11: Academy lectures | K11: per year | L11: {=_xlfn.IFS(OR(ISBLANK(F11), ISBLANK(G11), ISBLANK(K11)), "", K11="per quarter", (ROUNDUP(MONTH(G11)/3,0) - ROUNDUP(MONTH(F11)/3,0)) + (YEAR(G11) - YEAR(F11)) * 4 + 1, K11="per month", (MONTH(G11) - MONTH(F11)) + (YEAR(G11) - YEAR(F11)) * 12 + 1, K11="bimonthly", ROUNDUP(((MONTH(G11) - MONTH(F11)) + (YEAR(G11) - YEAR(F11)) * 12 + 1) / 2, 0), K11="per year", (YEAR(G11) - YEAR(F11)) + 1, K11="biyear", ROUNDUP(((YEAR(G11) - YEAR(F11)) + 1) / 2, 0), TRUE, "")} | M11: 2.3011467 | N11: 48.857299
A12: Dr. Pierre Leclercq | B12: 103003 | C12: Europe | D12: France | H12: =IF(ISBLANK(G12), "", IF(INT(G12 - TODAY()) >= 0, "D-" & INT(G12 - TODAY()), "D+" & ABS(INT(G12 - TODAY())))) | I12: R&D Feedback | J12: R&D Feedback | K12: per year | L12: {=_xlfn.IFS(OR(ISBLANK(F12), ISBLANK(G12), ISBLANK(K12)), "", K12="per quarter", (ROUNDUP(MONTH(G12)/3,0) - ROUNDUP(MONTH(F12)/3,0)) + (YEAR(G12) - YEAR(F12)) * 4 + 1, K12="per month", (MONTH(G12) - MONTH(F12)) + (YEAR(G12) - YEAR(F12)) * 12 + 1, K12="bimonthly", ROUNDUP(((MONTH(G12) - MONTH(F12)) + (YEAR(G12) - YEAR(F12)) * 12 + 1) / 2, 0), K12="per year", (YEAR(G12) - YEAR(F12)) + 1, K12="biyear", ROUNDUP(((YEAR(G12) - YEAR(F12)) + 1) / 2, 0), TRUE, "")} | M12: 4.9800614 | N12: 43.403449
A13: Dr. Pierre Leclercq | B13: 103003 | C13: Europe | D13: France | H13: =IF(ISBLANK(G13), "", IF(INT(G13 - TODAY()) >= 0, "D-" & INT(G13 - TODAY()), "D+" & ABS(INT(G13 - TODAY())))) | I13: Case Report | J13: Case | K13: per year | L13: {=_xlfn.IFS(OR(ISBLANK(F13), ISBLANK(G13), ISBLANK(K13)), "", K13="per quarter", (ROUNDUP(MONTH(G13)/3,0) - ROUNDUP(MONTH(F13)/3,0)) + (YEAR(G13) - YEAR(F13)) * 4 + 1, K13="per month", (MONTH(G13) - MONTH(F13)) + (YEAR(G13) - YEAR(F13)) * 12 + 1, K13="bimonthly", ROUNDUP(((MONTH(G13) - MONTH(F13)) + (YEAR(G13) - YEAR(F13)) * 12 + 1) / 2, 0), K13="per year", (YEAR(G13) - YEAR(F13)) + 1, K13="biyear", ROUNDUP(((YEAR(G13) - YEAR(F13)) + 1) / 2, 0), TRUE, "")} | M13: 4.9800614 | N13: 43.403449
A14: Dr. Pierre Leclercq | B14: 103003 | C14: Europe | D14: France | H14: =IF(ISBLANK(G14), "", IF(INT(G14 - TODAY()) >= 0, "D-" & INT(G14 - TODAY()), "D+" & ABS(INT(G14 - TODAY())))) | I14: (Other) | J14: Contents creation | K14: per year | L14: {=_xlfn.IFS(OR(ISBLANK(F14), ISBLANK(G14), ISBLANK(K14)), "", K14="per quarter", (ROUNDUP(MONTH(G14)/3,0) - ROUNDUP(MONTH(F14)/3,0)) + (YEAR(G14) - YEAR(F14)) * 4 + 1, K14="per month", (MONTH(G14) - MONTH(F14)) + (YEAR(G14) - YEAR(F14)) * 12 + 1, K14="bimonthly", ROUNDUP(((MONTH(G14) - MONTH(F14)) + (YEAR(G14) - YEAR(F14)) * 12 + 1) / 2, 0), K14="per year", (YEAR(G14) - YEAR(F14)) + 1, K14="biyear", ROUNDUP(((YEAR(G14) - YEAR(F14)) + 1) / 2, 0), TRUE, "")} | M14: 4.9800614 | N14: 43.403449
A15: Dr. Pierre Leclercq | B15: 103003 | C15: Europe | D15: France | H15: =IF(ISBLANK(G15), "", IF(INT(G15 - TODAY()) >= 0, "D-" & INT(G15 - TODAY()), "D+" & ABS(INT(G15 - TODAY())))) | I15: Lecture | J15: Academy lectures | K15: per year | L15: {=_xlfn.IFS(OR(ISBLANK(F15), ISBLANK(G15), ISBLANK(K15)), "", K15="per quarter", (ROUNDUP(MONTH(G15)/3,0) - ROUNDUP(MONTH(F15)/3,0)) + (YEAR(G15) - YEAR(F15)) * 4 + 1, K15="per month", (MONTH(G15) - MONTH(F15)) + (YEAR(G15) - YEAR(F15)) * 12 + 1, K15="bimonthly", ROUNDUP(((MONTH(G15) - MONTH(F15)) + (YEAR(G15) - YEAR(F15)) * 12 + 1) / 2, 0), K15="per year", (YEAR(G15) - YEAR(F15)) + 1, K15="biyear", ROUNDUP(((YEAR(G15) - YEAR(F15)) + 1) / 2, 0), TRUE, "")} | M15: 4.9800614 | N15: 43.403449
A16: Dr. Emmanuel Bocquet | B16: 103004 | C16: Europe | D16: France | F16: 45757 | G16: 46022 | H16: =IF(ISBLANK(G16), "", IF(INT(G16 - TODAY()) >= 0, "D-" & INT(G16 - TODAY()), "D+" & ABS(INT(G16 - TODAY())))) -> D-44 | I16: Case Report | J16: Cases | K16: per quarter | L16: {=_xlfn.IFS(OR(ISBLANK(F16), ISBLANK(G16), ISBLANK(K16)), "", K16="per quarter", (ROUNDUP(MONTH(G16)/3,0) - ROUNDUP(MONTH(F16)/3,0)) + (YEAR(G16) - YEAR(F16)) * 4 + 1, K16="per month", (MONTH(G16) - MONTH(F16)) + (YEAR(G16) - YEAR(F16)) * 12 + 1, K16="bimonthly", ROUNDUP(((MONTH(G16) - MONTH(F16)) + (YEAR(G16) - YEAR(F16)) * 12 + 1) / 2, 0), K16="per year", (YEAR(G16) - YEAR(F16)) + 1, K16="biyear", ROUNDUP(((YEAR(G16) - YEAR(F16)) + 1) / 2, 0), TRUE, "")} -> 3 | M16: 3.0395183 | N16: 50.623741
A17: Dr. Emmanuel Bocquet | B17: 103004 | C17: Europe | D17: France | F17: 45757 | G17: 46022 | H17: =IF(ISBLANK(G17), "", IF(INT(G17 - TODAY()) >= 0, "D-" & INT(G17 - TODAY()), "D+" & ABS(INT(G17 - TODAY())))) -> D-44 | I17: Lecture | J17: ADF speaker | K17: per year | L17: {=_xlfn.IFS(OR(ISBLANK(F17), ISBLANK(G17), ISBLANK(K17)), "", K17="per quarter", (ROUNDUP(MONTH(G17)/3,0) - ROUNDUP(MONTH(F17)/3,0)) + (YEAR(G17) - YEAR(F17)) * 4 + 1, K17="per month", (MONTH(G17) - MONTH(F17)) + (YEAR(G17) - YEAR(F17)) * 12 + 1, K17="bimonthly", ROUNDUP(((MONTH(G17) - MONTH(F17)) + (YEAR(G17) - YEAR(F17)) * 12 + 1) / 2, 0), K17="per year", (YEAR(G17) - YEAR(F17)) + 1, K17="biyear", ROUNDUP(((YEAR(G17) - YEAR(F17)) + 1) / 2, 0), TRUE, "")} -> 1 | M17: 3.0395183 | N17: 50.623741
A18: Dr. Emmanuel Bocquet | B18: 103004 | C18: Europe | D18: France | F18: 45757 | G18: 46022 | H18: =IF(ISBLANK(G18), "", IF(INT(G18 - TODAY()) >= 0, "D-" & INT(G18 - TODAY()), "D+" & ABS(INT(G18 - TODAY())))) -> D-44 | I18: Webinar | J18: Webinar | K18: per year | L18: {=_xlfn.IFS(OR(ISBLANK(F18), ISBLANK(G18), ISBLANK(K18)), "", K18="per quarter", (ROUNDUP(MONTH(G18)/3,0) - ROUNDUP(MONTH(F18)/3,0)) + (YEAR(G18) - YEAR(F18)) * 4 + 1, K18="per month", (MONTH(G18) - MONTH(F18)) + (YEAR(G18) - YEAR(F18)) * 12 + 1, K18="bimonthly", ROUNDUP(((MONTH(G18) - MONTH(F18)) + (YEAR(G18) - YEAR(F18)) * 12 + 1) / 2, 0), K18="per year", (YEAR(G18) - YEAR(F18)) + 1, K18="biyear", ROUNDUP(((YEAR(G18) - YEAR(F18)) + 1) / 2, 0), TRUE, "")} -> 1 | M18: 3.0395183 | N18: 50.623741
A19: Dr. Emmanuel Bocquet | B19: 103004 | C19: Europe | D19: France | F19: 45757 | G19: 46022 | H19: =IF(ISBLANK(G19), "", IF(INT(G19 - TODAY()) >= 0, "D-" & INT(G19 - TODAY()), "D+" & ABS(INT(G19 - TODAY())))) -> D-44 | I19: SNS Posting | J19: Social engagement | K19: per year | L19: {=_xlfn.IFS(OR(ISBLANK(F19), ISBLANK(G19), ISBLANK(K19)), "", K19="per quarter", (ROUNDUP(MONTH(G19)/3,0) - ROUNDUP(MONTH(F19)/3,0)) + (YEAR(G19) - YEAR(F19)) * 4 + 1, K19="per month", (MONTH(G19) - MONTH(F19)) + (YEAR(G19) - YEAR(F19)) * 12 + 1, K19="bimonthly", ROUNDUP(((MONTH(G19) - MONTH(F19)) + (YEAR(G19) - YEAR(F19)) * 12 + 1) / 2, 0), K19="per year", (YEAR(G19) - YEAR(F19)) + 1, K19="biyear", ROUNDUP(((YEAR(G19) - YEAR(F19)) + 1) / 2, 0), TRUE, "")} -> 1 | M19: 3.0395183 | N19: 50.623741
A20: Dr. Oguz Emeklibas | B20: 104001 | C20: Europe | D20: Germany | F20: 45839 | G20: 46204 | H20: =IF(ISBLANK(G20), "", IF(INT(G20 - TODAY()) >= 0, "D-" & INT(G20 - TODAY()), "D+" & ABS(INT(G20 - TODAY())))) -> D-226 | I20: Case Report | J20: Cases | K20: per year | L20: {=_xlfn.IFS(OR(ISBLANK(F20), ISBLANK(G20), ISBLANK(K20)), "", K20="per quarter", (ROUNDUP(MONTH(G20)/3,0) - ROUNDUP(MONTH(F20)/3,0)) + (YEAR(G20) - YEAR(F20)) * 4 + 1, K20="per month", (MONTH(G20) - MONTH(F20)) + (YEAR(G20) - YEAR(F20)) * 12 + 1, K20="bimonthly", ROUNDUP(((MONTH(G20) - MONTH(F20)) + (YEAR(G20) - YEAR(F20)) * 12 + 1) / 2, 0), K20="per year", (YEAR(G20) - YEAR(F20)) + 1, K20="biyear", ROUNDUP(((YEAR(G20) - YEAR(F20)) + 1) / 2, 0), TRUE, "")} -> 2 | M20: 8.4041959 | N20: 49.517973
A21: Dr. Oguz Emeklibas | B21: 104001 | C21: Europe | D21: Germany | F21: 45839 | G21: 46204 | H21: =IF(ISBLANK(G21), "", IF(INT(G21 - TODAY()) >= 0, "D-" & INT(G21 - TODAY()), "D+" & ABS(INT(G21 - TODAY())))) -> D-226 | I21: Lecture | J21: Lecture | K21: per year | L21: {=_xlfn.IFS(OR(ISBLANK(F21), ISBLANK(G21), ISBLANK(K21)), "", K21="per quarter", (ROUNDUP(MONTH(G21)/3,0) - ROUNDUP(MONTH(F21)/3,0)) + (YEAR(G21) - YEAR(F21)) * 4 + 1, K21="per month", (MONTH(G21) - MONTH(F21)) + (YEAR(G21) - YEAR(F21)) * 12 + 1, K21="bimonthly", ROUNDUP(((MONTH(G21) - MONTH(F21)) + (YEAR(G21) - YEAR(F21)) * 12 + 1) / 2, 0), K21="per year", (YEAR(G21) - YEAR(F21)) + 1, K21="biyear", ROUNDUP(((YEAR(G21) - YEAR(F21)) + 1) / 2, 0), TRUE, "")} -> 2 | M21: 8.4041959 | N21: 49.517973
A22: Dr. Oguz Emeklibas | B22: 104001 | C22: Europe | D22: Germany | F22: 45839 | G22: 46204 | H22: =IF(ISBLANK(G22), "", IF(INT(G22 - TODAY()) >= 0, "D-" & INT(G22 - TODAY()), "D+" & ABS(INT(G22 - TODAY())))) -> D-226 | I22: SNS Posting | J22: Social Media | K22: per year | L22: {=_xlfn.IFS(OR(ISBLANK(F22), ISBLANK(G22), ISBLANK(K22)), "", K22="per quarter", (ROUNDUP(MONTH(G22)/3,0) - ROUNDUP(MONTH(F22)/3,0)) + (YEAR(G22) - YEAR(F22)) * 4 + 1, K22="per month", (MONTH(G22) - MONTH(F22)) + (YEAR(G22) - YEAR(F22)) * 12 + 1, K22="bimonthly", ROUNDUP(((MONTH(G22) - MONTH(F22)) + (YEAR(G22) - YEAR(F22)) * 12 + 1) / 2, 0), K22="per year", (YEAR(G22) - YEAR(F22)) + 1, K22="biyear", ROUNDUP(((YEAR(G22) - YEAR(F22)) + 1) / 2, 0), TRUE, "")} -> 2 | M22: 8.4041959 | N22: 49.517973
A23: Dr. Frank Maier | B23: 104002 | C23: Europe | D23: Germany | H23: =IF(ISBLANK(G23), "", IF(INT(G23 - TODAY()) >= 0, "D-" & INT(G23 - TODAY()), "D+" & ABS(INT(G23 - TODAY())))) | I23: R&D Feedback | J23: R&D Feedback | K23: per year | L23: {=_xlfn.IFS(OR(ISBLANK(F23), ISBLANK(G23), ISBLANK(K23)), "", K23="per quarter", (ROUNDUP(MONTH(G23)/3,0) - ROUNDUP(MONTH(F23)/3,0)) + (YEAR(G23) - YEAR(F23)) * 4 + 1, K23="per month", (MONTH(G23) - MONTH(F23)) + (YEAR(G23) - YEAR(F23)) * 12 + 1, K23="bimonthly", ROUNDUP(((MONTH(G23) - MONTH(F23)) + (YEAR(G23) - YEAR(F23)) * 12 + 1) / 2, 0), K23="per year", (YEAR(G23) - YEAR(F23)) + 1, K23="biyear", ROUNDUP(((YEAR(G23) - YEAR(F23)) + 1) / 2, 0), TRUE, "")} | M23: 9.0599564 | N23: 48.509597
A24: Dr. Frank Maier | B24: 104002 | C24: Europe | D24: Germany | H24: =IF(ISBLANK(G24), "", IF(INT(G24 - TODAY()) >= 0, "D-" & INT(G24 - TODAY()), "D+" & ABS(INT(G24 - TODAY())))) | I24: Case Report | J24: Case | K24: per year | L24: {=_xlfn.IFS(OR(ISBLANK(F24), ISBLANK(G24), ISBLANK(K24)), "", K24="per quarter", (ROUNDUP(MONTH(G24)/3,0) - ROUNDUP(MONTH(F24)/3,0)) + (YEAR(G24) - YEAR(F24)) * 4 + 1, K24="per month", (MONTH(G24) - MONTH(F24)) + (YEAR(G24) - YEAR(F24)) * 12 + 1, K24="bimonthly", ROUNDUP(((MONTH(G24) - MONTH(F24)) + (YEAR(G24) - YEAR(F24)) * 12 + 1) / 2, 0), K24="per year", (YEAR(G24) - YEAR(F24)) + 1, K24="biyear", ROUNDUP(((YEAR(G24) - YEAR(F24)) + 1) / 2, 0), TRUE, "")} | M24: 9.0599564 | N24: 48.509597
A25: Dr. Frank Maier | B25: 104002 | C25: Europe | D25: Germany | H25: =IF(ISBLANK(G25), "", IF(INT(G25 - TODAY()) >= 0, "D-" & INT(G25 - TODAY()), "D+" & ABS(INT(G25 - TODAY())))) | I25: (Other) | J25: Contents creation | K25: per year | L25: {=_xlfn.IFS(OR(ISBLANK(F25), ISBLANK(G25), ISBLANK(K25)), "", K25="per quarter", (ROUNDUP(MONTH(G25)/3,0) - ROUNDUP(MONTH(F25)/3,0)) + (YEAR(G25) - YEAR(F25)) * 4 + 1, K25="per month", (MONTH(G25) - MONTH(F25)) + (YEAR(G25) - YEAR(F25)) * 12 + 1, K25="bimonthly", ROUNDUP(((MONTH(G25) - MONTH(F25)) + (YEAR(G25) - YEAR(F25)) * 12 + 1) / 2, 0), K25="per year", (YEAR(G25) - YEAR(F25)) + 1, K25="biyear", ROUNDUP(((YEAR(G25) - YEAR(F25)) + 1) / 2, 0), TRUE, "")} | M25: 9.0599564 | N25: 48.509597
A26: Dr. Frank Maier | B26: 104002 | C26: Europe | D26: Germany | H26: =IF(ISBLANK(G26), "", IF(INT(G26 - TODAY()) >= 0, "D-" & INT(G26 - TODAY()), "D+" & ABS(INT(G26 - TODAY())))) | I26: Lecture | J26: Academy lectures | K26: per year | L26: {=_xlfn.IFS(OR(ISBLANK(F26), ISBLANK(G26), ISBLANK(K26)), "", K26="per quarter", (ROUNDUP(MONTH(G26)/3,0) - ROUNDUP(MONTH(F26)/3,0)) + (YEAR(G26) - YEAR(F26)) * 4 + 1, K26="per month", (MONTH(G26) - MONTH(F26)) + (YEAR(G26) - YEAR(F26)) * 12 + 1, K26="bimonthly", ROUNDUP(((MONTH(G26) - MONTH(F26)) + (YEAR(G26) - YEAR(F26)) * 12 + 1) / 2, 0), K26="per year", (YEAR(G26) - YEAR(F26)) + 1, K26="biyear", ROUNDUP(((YEAR(G26) - YEAR(F26)) + 1) / 2, 0), TRUE, "")} | M26: 9.0599564 | N26: 48.509597
A27: Dr. Simon Priess | B27: 104003 | C27: Europe | D27: Germany | H27: =IF(ISBLANK(G27), "", IF(INT(G27 - TODAY()) >= 0, "D-" & INT(G27 - TODAY()), "D+" & ABS(INT(G27 - TODAY())))) | I27: R&D Feedback | J27: R&D Feedback | K27: per year | L27: {=_xlfn.IFS(OR(ISBLANK(F27), ISBLANK(G27), ISBLANK(K27)), "", K27="per quarter", (ROUNDUP(MONTH(G27)/3,0) - ROUNDUP(MONTH(F27)/3,0)) + (YEAR(G27) - YEAR(F27)) * 4 + 1, K27="per month", (MONTH(G27) - MONTH(F27)) + (YEAR(G27) - YEAR(F27)) * 12 + 1, K27="bimonthly", ROUNDUP(((MONTH(G27) - MONTH(F27)) + (YEAR(G27) - YEAR(F27)) * 12 + 1) / 2, 0), K27="per year", (YEAR(G27) - YEAR(F27)) + 1, K27="biyear", ROUNDUP(((YEAR(G27) - YEAR(F27)) + 1) / 2, 0), TRUE, "")} | M27: 8.487449 | N27: 49.856016
A28: Dr. Simon Priess | B28: 104003 | C28: Europe | D28: Germany | H28: =IF(ISBLANK(G28), "", IF(INT(G28 - TODAY()) >= 0, "D-" & INT(G28 - TODAY()), "D+" & ABS(INT(G28 - TODAY())))) | I28: Case Report | J28: Case | K28: per year | L28: {=_xlfn.IFS(OR(ISBLANK(F28), ISBLANK(G28), ISBLANK(K28)), "", K28="per quarter", (ROUNDUP(MONTH(G28)/3,0) - ROUNDUP(MONTH(F28)/3,0)) + (YEAR(G28) - YEAR(F28)) * 4 + 1, K28="per month", (MONTH(G28) - MONTH(F28)) + (YEAR(G28) - YEAR(F28)) * 12 + 1, K28="bimonthly", ROUNDUP(((MONTH(G28) - MONTH(F28)) + (YEAR(G28) - YEAR(F28)) * 12 + 1) / 2, 0), K28="per year", (YEAR(G28) - YEAR(F28)) + 1, K28="biyear", ROUNDUP(((YEAR(G28) - YEAR(F28)) + 1) / 2, 0), TRUE, "")} | M28: 8.487449 | N28: 49.856016
A29: Dr. Simon Priess | B29: 104003 | C29: Europe | D29: Germany | H29: =IF(ISBLANK(G29), "", IF(INT(G29 - TODAY()) >= 0, "D-" & INT(G29 - TODAY()), "D+" & ABS(INT(G29 - TODAY())))) | I29: (Other) | J29: Contents creation | K29: per year | L29: {=_xlfn.IFS(OR(ISBLANK(F29), ISBLANK(G29), ISBLANK(K29)), "", K29="per quarter", (ROUNDUP(MONTH(G29)/3,0) - ROUNDUP(MONTH(F29)/3,0)) + (YEAR(G29) - YEAR(F29)) * 4 + 1, K29="per month", (MONTH(G29) - MONTH(F29)) + (YEAR(G29) - YEAR(F29)) * 12 + 1, K29="bimonthly", ROUNDUP(((MONTH(G29) - MONTH(F29)) + (YEAR(G29) - YEAR(F29)) * 12 + 1) / 2, 0), K29="per year", (YEAR(G29) - YEAR(F29)) + 1, K29="biyear", ROUNDUP(((YEAR(G29) - YEAR(F29)) + 1) / 2, 0), TRUE, "")} | M29: 8.487449 | N29: 49.856016
A30: Dr. Simon Priess | B30: 104003 | C30: Europe | D30: Germany | H30: =IF(ISBLANK(G30), "", IF(INT(G30 - TODAY()) >= 0, "D-" & INT(G30 - TODAY()), "D+" & ABS(INT(G30 - TODAY())))) | I30: Lecture | J30: Academy lectures | K30: per year | L30: {=_xlfn.IFS(OR(ISBLANK(F30), ISBLANK(G30), ISBLANK(K30)), "", K30="per quarter", (ROUNDUP(MONTH(G30)/3,0) - ROUNDUP(MONTH(F30)/3,0)) + (YEAR(G30) - YEAR(F30)) * 4 + 1, K30="per month", (MONTH(G30) - MONTH(F30)) + (YEAR(G30) - YEAR(F30)) * 12 + 1, K30="bimonthly", ROUNDUP(((MONTH(G30) - MONTH(F30)) + (YEAR(G30) - YEAR(F30)) * 12 + 1) / 2, 0), K30="per year", (YEAR(G30) - YEAR(F30)) + 1, K30="biyear", ROUNDUP(((YEAR(G30) - YEAR(F30)) + 1) / 2, 0), TRUE, "")} | M30: 8.487449 | N30: 49.856016
A31: Dr. Justinas Pletkus | B31: 105001 | C31: Europe | D31: Lithuania | H31: =IF(ISBLANK(G31), "", IF(INT(G31 - TODAY()) >= 0, "D-" & INT(G31 - TODAY()), "D+" & ABS(INT(G31 - TODAY())))) | I31: (Other) | J31: TBD By dylam | K31: per year | L31: {=_xlfn.IFS(OR(ISBLANK(F31), ISBLANK(G31), ISBLANK(K31)), "", K31="per quarter", (ROUNDUP(MONTH(G31)/3,0) - ROUNDUP(MONTH(F31)/3,0)) + (YEAR(G31) - YEAR(F31)) * 4 + 1, K31="per month", (MONTH(G31) - MONTH(F31)) + (YEAR(G31) - YEAR(F31)) * 12 + 1, K31="bimonthly", ROUNDUP(((MONTH(G31) - MONTH(F31)) + (YEAR(G31) - YEAR(F31)) * 12 + 1) / 2, 0), K31="per year", (YEAR(G31) - YEAR(F31)) + 1, K31="biyear", ROUNDUP(((YEAR(G31) - YEAR(F31)) + 1) / 2, 0), TRUE, "")} | M31: 23.881275 | N31: 55.169438
A32: Dr. Justinas Pletkus | B32: 105002 | C32: Europe | D32: Lithuania | F32: 45784 | G32: 46149 | H32: =IF(ISBLANK(G32), "", IF(INT(G32 - TODAY()) >= 0, "D-" & INT(G32 - TODAY()), "D+" & ABS(INT(G32 - TODAY())))) -> D-171 | I32: (Other) | J32: TBD By dylam | K32: per year | L32: {=_xlfn.IFS(OR(ISBLANK(F32), ISBLANK(G32), ISBLANK(K32)), "", K32="per quarter", (ROUNDUP(MONTH(G32)/3,0) - ROUNDUP(MONTH(F32)/3,0)) + (YEAR(G32) - YEAR(F32)) * 4 + 1, K32="per month", (MONTH(G32) - MONTH(F32)) + (YEAR(G32) - YEAR(F32)) * 12 + 1, K32="bimonthly", ROUNDUP(((MONTH(G32) - MONTH(F32)) + (YEAR(G32) - YEAR(F32)) * 12 + 1) / 2, 0), K32="per year", (YEAR(G32) - YEAR(F32)) + 1, K32="biyear", ROUNDUP(((YEAR(G32) - YEAR(F32)) + 1) / 2, 0), TRUE, "")} -> 2 | M32: 23.881275 | N32: 55.169438
A33: Dr. Gabriel Musetescu | B33: 106001 | C33: Europe | D33: Romania | F33: 45778 | G33: 46022 | H33: =IF(ISBLANK(G33), "", IF(INT(G33 - TODAY()) >= 0, "D-" & INT(G33 - TODAY()), "D+" & ABS(INT(G33 - TODAY())))) -> D-44 | I33: Lecture | J33: Hands-on course | K33: per year | L33: {=_xlfn.IFS(OR(ISBLANK(F33), ISBLANK(G33), ISBLANK(K33)), "", K33="per quarter", (ROUNDUP(MONTH(G33)/3,0) - ROUNDUP(MONTH(F33)/3,0)) + (YEAR(G33) - YEAR(F33)) * 4 + 1, K33="per month", (MONTH(G33) - MONTH(F33)) + (YEAR(G33) - YEAR(F33)) * 12 + 1, K33="bimonthly", ROUNDUP(((MONTH(G33) - MONTH(F33)) + (YEAR(G33) - YEAR(F33)) * 12 + 1) / 2, 0), K33="per year", (YEAR(G33) - YEAR(F33)) + 1, K33="biyear", ROUNDUP(((YEAR(G33) - YEAR(F33)) + 1) / 2, 0), TRUE, "")} -> 1 | M33: 26.102538 | N33: 44.426767
A34: Dr. Gabriel Musetescu | B34: 106001 | C34: Europe | D34: Romania | F34: 45778 | G34: 46022 | H34: =IF(ISBLANK(G34), "", IF(INT(G34 - TODAY()) >= 0, "D-" & INT(G34 - TODAY()), "D+" & ABS(INT(G34 - TODAY())))) -> D-44 | I34: Lecture | J34: Lecture | K34: per year | L34: {=_xlfn.IFS(OR(ISBLANK(F34), ISBLANK(G34), ISBLANK(K34)), "", K34="per quarter", (ROUNDUP(MONTH(G34)/3,0) - ROUNDUP(MONTH(F34)/3,0)) + (YEAR(G34) - YEAR(F34)) * 4 + 1, K34="per month", (MONTH(G34) - MONTH(F34)) + (YEAR(G34) - YEAR(F34)) * 12 + 1, K34="bimonthly", ROUNDUP(((MONTH(G34) - MONTH(F34)) + (YEAR(G34) - YEAR(F34)) * 12 + 1) / 2, 0), K34="per year", (YEAR(G34) - YEAR(F34)) + 1, K34="biyear", ROUNDUP(((YEAR(G34) - YEAR(F34)) + 1) / 2, 0), TRUE, "")} -> 1 | M34: 26.102538 | N34: 44.426767
A35: Dr. Gabriel Musetescu | B35: 106001 | C35: Europe | D35: Romania | F35: 45778 | G35: 46022 | H35: =IF(ISBLANK(G35), "", IF(INT(G35 - TODAY()) >= 0, "D-" & INT(G35 - TODAY()), "D+" & ABS(INT(G35 - TODAY())))) -> D-44 | I35: Webinar | J35: Webinar | K35: per year | L35: {=_xlfn.IFS(OR(ISBLANK(F35), ISBLANK(G35), ISBLANK(K35)), "", K35="per quarter", (ROUNDUP(MONTH(G35)/3,0) - ROUNDUP(MONTH(F35)/3,0)) + (YEAR(G35) - YEAR(F35)) * 4 + 1, K35="per month", (MONTH(G35) - MONTH(F35)) + (YEAR(G35) - YEAR(F35)) * 12 + 1, K35="bimonthly", ROUNDUP(((MONTH(G35) - MONTH(F35)) + (YEAR(G35) - YEAR(F35)) * 12 + 1) / 2, 0), K35="per year", (YEAR(G35) - YEAR(F35)) + 1, K35="biyear", ROUNDUP(((YEAR(G35) - YEAR(F35)) + 1) / 2, 0), TRUE, "")} -> 1 | M35: 26.102538 | N35: 44.426767
A36: Dr. Michalis Diomataris | B36: 107001 | C36: Europe | D36: Greece | F36: 45839 | G36: 46204 | H36: =IF(ISBLANK(G36), "", IF(INT(G36 - TODAY()) >= 0, "D-" & INT(G36 - TODAY()), "D+" & ABS(INT(G36 - TODAY())))) -> D-226 | I36: Lecture | J36: Lectures at Conference | K36: per year | L36: {=_xlfn.IFS(OR(ISBLANK(F36), ISBLANK(G36), ISBLANK(K36)), "", K36="per quarter", (ROUNDUP(MONTH(G36)/3,0) - ROUNDUP(MONTH(F36)/3,0)) + (YEAR(G36) - YEAR(F36)) * 4 + 1, K36="per month", (MONTH(G36) - MONTH(F36)) + (YEAR(G36) - YEAR(F36)) * 12 + 1, K36="bimonthly", ROUNDUP(((MONTH(G36) - MONTH(F36)) + (YEAR(G36) - YEAR(F36)) * 12 + 1) / 2, 0), K36="per year", (YEAR(G36) - YEAR(F36)) + 1, K36="biyear", ROUNDUP(((YEAR(G36) - YEAR(F36)) + 1) / 2, 0), TRUE, "")} -> 2 | M36: 23.737233 | N36: 37.982358
A37: Dr. Michalis Diomataris | B37: 107001 | C37: Europe | D37: Greece | F37: 45839 | G37: 46204 | H37: =IF(ISBLANK(G37), "", IF(INT(G37 - TODAY()) >= 0, "D-" & INT(G37 - TODAY()), "D+" & ABS(INT(G37 - TODAY())))) -> D-226 | I37: Article | J37: Article | K37: per year | L37: {=_xlfn.IFS(OR(ISBLANK(F37), ISBLANK(G37), ISBLANK(K37)), "", K37="per quarter", (ROUNDUP(MONTH(G37)/3,0) - ROUNDUP(MONTH(F37)/3,0)) + (YEAR(G37) - YEAR(F37)) * 4 + 1, K37="per month", (MONTH(G37) - MONTH(F37)) + (YEAR(G37) - YEAR(F37)) * 12 + 1, K37="bimonthly", ROUNDUP(((MONTH(G37) - MONTH(F37)) + (YEAR(G37) - YEAR(F37)) * 12 + 1) / 2, 0), K37="per year", (YEAR(G37) - YEAR(F37)) + 1, K37="biyear", ROUNDUP(((YEAR(G37) - YEAR(F37)) + 1) / 2, 0), TRUE, "")} -> 2 | M37: 23.737233 | N37: 37.982358
A38: Dr. Michalis Diomataris | B38: 107001 | C38: Europe | D38: Greece | F38: 45839 | G38: 46204 | H38: =IF(ISBLANK(G38), "", IF(INT(G38 - TODAY()) >= 0, "D-" & INT(G38 - TODAY()), "D+" & ABS(INT(G38 - TODAY())))) -> D-226 | I38: Lecture | J38: Academic content creation | K38: per year | L38: {=_xlfn.IFS(OR(ISBLANK(F38), ISBLANK(G38), ISBLANK(K38)), "", K38="per quarter", (ROUNDUP(MONTH(G38)/3,0) - ROUNDUP(MONTH(F38)/3,0)) + (YEAR(G38) - YEAR(F38)) * 4 + 1, K38="per month", (MONTH(G38) - MONTH(F38)) + (YEAR(G38) - YEAR(F38)) * 12 + 1, K38="bimonthly", ROUNDUP(((MONTH(G38) - MONTH(F38)) + (YEAR(G38) - YEAR(F38)) * 12 + 1) / 2, 0), K38="per year", (YEAR(G38) - YEAR(F38)) + 1, K38="biyear", ROUNDUP(((YEAR(G38) - YEAR(F38)) + 1) / 2, 0), TRUE, "")} -> 2 | M38: 23.737233 | N38: 37.982358
A39: Dr. Grzegorz Wasiluk | B39: 108001 | C39: Europe | D39: Poland | H39: =IF(ISBLANK(G39), "", IF(INT(G39 - TODAY()) >= 0, "D-" & INT(G39 - TODAY()), "D+" & ABS(INT(G39 - TODAY())))) | I39: R&D Feedback | J39: R&D Feedback | K39: per year | L39: {=_xlfn.IFS(OR(ISBLANK(F39), ISBLANK(G39), ISBLANK(K39)), "", K39="per quarter", (ROUNDUP(MONTH(G39)/3,0) - ROUNDUP(MONTH(F39)/3,0)) + (YEAR(G39) - YEAR(F39)) * 4 + 1, K39="per month", (MONTH(G39) - MONTH(F39)) + (YEAR(G39) - YEAR(F39)) * 12 + 1, K39="bimonthly", ROUNDUP(((MONTH(G39) - MONTH(F39)) + (YEAR(G39) - YEAR(F39)) * 12 + 1) / 2, 0), K39="per year", (YEAR(G39) - YEAR(F39)) + 1, K39="biyear", ROUNDUP(((YEAR(G39) - YEAR(F39)) + 1) / 2, 0), TRUE, "")} | M39: 21.012229 | N39: 52.229676
A40: Dr. Grzegorz Wasiluk | B40: 108001 | C40: Europe | D40: Poland | H40: =IF(ISBLANK(G40), "", IF(INT(G40 - TODAY()) >= 0, "D-" & INT(G40 - TODAY()), "D+" & ABS(INT(G40 - TODAY())))) | I40: Case Report | J40: Case | K40: per year | L40: {=_xlfn.IFS(OR(ISBLANK(F40), ISBLANK(G40), ISBLANK(K40)), "", K40="per quarter", (ROUNDUP(MONTH(G40)/3,0) - ROUNDUP(MONTH(F40)/3,0)) + (YEAR(G40) - YEAR(F40)) * 4 + 1, K40="per month", (MONTH(G40) - MONTH(F40)) + (YEAR(G40) - YEAR(F40)) * 12 + 1, K40="bimonthly", ROUNDUP(((MONTH(G40) - MONTH(F40)) + (YEAR(G40) - YEAR(F40)) * 12 + 1) / 2, 0), K40="per year", (YEAR(G40) - YEAR(F40)) + 1, K40="biyear", ROUNDUP(((YEAR(G40) - YEAR(F40)) + 1) / 2, 0), TRUE, "")} | M40: 21.012229 | N40: 52.229676
A41: Dr. Grzegorz Wasiluk | B41: 108001 | C41: Europe | D41: Poland | H41: =IF(ISBLANK(G41), "", IF(INT(G41 - TODAY()) >= 0, "D-" & INT(G41 - TODAY()), "D+" & ABS(INT(G41 - TODAY())))) | I41: (Other) | J41: Contents creation | K41: per year | L41: {=_xlfn.IFS(OR(ISBLANK(F41), ISBLANK(G41), ISBLANK(K41)), "", K41="per quarter", (ROUNDUP(MONTH(G41)/3,0) - ROUNDUP(MONTH(F41)/3,0)) + (YEAR(G41) - YEAR(F41)) * 4 + 1, K41="per month", (MONTH(G41) - MONTH(F41)) + (YEAR(G41) - YEAR(F41)) * 12 + 1, K41="bimonthly", ROUNDUP(((MONTH(G41) - MONTH(F41)) + (YEAR(G41) - YEAR(F41)) * 12 + 1) / 2, 0), K41="per year", (YEAR(G41) - YEAR(F41)) + 1, K41="biyear", ROUNDUP(((YEAR(G41) - YEAR(F41)) + 1) / 2, 0), TRUE, "")} | M41: 21.012229 | N41: 52.229676
A42: Dr. Grzegorz Wasiluk | B42: 108001 | C42: Europe | D42: Poland | H42: =IF(ISBLANK(G42), "", IF(INT(G42 - TODAY()) >= 0, "D-" & INT(G42 - TODAY()), "D+" & ABS(INT(G42 - TODAY())))) | I42: Lecture | J42: Academy lectures | K42: per year | L42: {=_xlfn.IFS(OR(ISBLANK(F42), ISBLANK(G42), ISBLANK(K42)), "", K42="per quarter", (ROUNDUP(MONTH(G42)/3,0) - ROUNDUP(MONTH(F42)/3,0)) + (YEAR(G42) - YEAR(F42)) * 4 + 1, K42="per month", (MONTH(G42) - MONTH(F42)) + (YEAR(G42) - YEAR(F42)) * 12 + 1, K42="bimonthly", ROUNDUP(((MONTH(G42) - MONTH(F42)) + (YEAR(G42) - YEAR(F42)) * 12 + 1) / 2, 0), K42="per year", (YEAR(G42) - YEAR(F42)) + 1, K42="biyear", ROUNDUP(((YEAR(G42) - YEAR(F42)) + 1) / 2, 0), TRUE, "")} | M42: 21.012229 | N42: 52.229676
A43: Dr. Grzegorz Wasiluk | B43: 108002 | C43: Europe | D43: Poland | F43: 45899 | G43: 46264 | H43: =IF(ISBLANK(G43), "", IF(INT(G43 - TODAY()) >= 0, "D-" & INT(G43 - TODAY()), "D+" & ABS(INT(G43 - TODAY())))) -> D-286 | I43: R&D Feedback | J43: R&D Feedback | K43: per year | L43: {=_xlfn.IFS(OR(ISBLANK(F43), ISBLANK(G43), ISBLANK(K43)), "", K43="per quarter", (ROUNDUP(MONTH(G43)/3,0) - ROUNDUP(MONTH(F43)/3,0)) + (YEAR(G43) - YEAR(F43)) * 4 + 1, K43="per month", (MONTH(G43) - MONTH(F43)) + (YEAR(G43) - YEAR(F43)) * 12 + 1, K43="bimonthly", ROUNDUP(((MONTH(G43) - MONTH(F43)) + (YEAR(G43) - YEAR(F43)) * 12 + 1) / 2, 0), K43="per year", (YEAR(G43) - YEAR(F43)) + 1, K43="biyear", ROUNDUP(((YEAR(G43) - YEAR(F43)) + 1) / 2, 0), TRUE, "")} -> 2 | M43: 21.012229 | N43: 52.229676
A44: Dr. Grzegorz Wasiluk | B44: 108002 | C44: Europe | D44: Poland | F44: 45899 | G44: 46264 | H44: =IF(ISBLANK(G44), "", IF(INT(G44 - TODAY()) >= 0, "D-" & INT(G44 - TODAY()), "D+" & ABS(INT(G44 - TODAY())))) -> D-286 | I44: Case Report | J44: Case | K44: per year | L44: {=_xlfn.IFS(OR(ISBLANK(F44), ISBLANK(G44), ISBLANK(K44)), "", K44="per quarter", (ROUNDUP(MONTH(G44)/3,0) - ROUNDUP(MONTH(F44)/3,0)) + (YEAR(G44) - YEAR(F44)) * 4 + 1, K44="per month", (MONTH(G44) - MONTH(F44)) + (YEAR(G44) - YEAR(F44)) * 12 + 1, K44="bimonthly", ROUNDUP(((MONTH(G44) - MONTH(F44)) + (YEAR(G44) - YEAR(F44)) * 12 + 1) / 2, 0), K44="per year", (YEAR(G44) - YEAR(F44)) + 1, K44="biyear", ROUNDUP(((YEAR(G44) - YEAR(F44)) + 1) / 2, 0), TRUE, "")} -> 2 | M44: 21.012229 | N44: 52.229676
A45: Dr. Grzegorz Wasiluk | B45: 108002 | C45: Europe | D45: Poland | F45: 45899 | G45: 46264 | H45: =IF(ISBLANK(G45), "", IF(INT(G45 - TODAY()) >= 0, "D-" & INT(G45 - TODAY()), "D+" & ABS(INT(G45 - TODAY())))) -> D-286 | I45: (Other) | J45: Contents creation | K45: per year | L45: {=_xlfn.IFS(OR(ISBLANK(F45), ISBLANK(G45), ISBLANK(K45)), "", K45="per quarter", (ROUNDUP(MONTH(G45)/3,0) - ROUNDUP(MONTH(F45)/3,0)) + (YEAR(G45) - YEAR(F45)) * 4 + 1, K45="per month", (MONTH(G45) - MONTH(F45)) + (YEAR(G45) - YEAR(F45)) * 12 + 1, K45="bimonthly", ROUNDUP(((MONTH(G45) - MONTH(F45)) + (YEAR(G45) - YEAR(F45)) * 12 + 1) / 2, 0), K45="per year", (YEAR(G45) - YEAR(F45)) + 1, K45="biyear", ROUNDUP(((YEAR(G45) - YEAR(F45)) + 1) / 2, 0), TRUE, "")} -> 2 | M45: 21.012229 | N45: 52.229676
A46: Dr. Grzegorz Wasiluk | B46: 108002 | C46: Europe | D46: Poland | F46: 45899 | G46: 46264 | H46: =IF(ISBLANK(G46), "", IF(INT(G46 - TODAY()) >= 0, "D-" & INT(G46 - TODAY()), "D+" & ABS(INT(G46 - TODAY())))) -> D-286 | I46: Lecture | J46: Academy lectures | K46: per year | L46: {=_xlfn.IFS(OR(ISBLANK(F46), ISBLANK(G46), ISBLANK(K46)), "", K46="per quarter", (ROUNDUP(MONTH(G46)/3,0) - ROUNDUP(MONTH(F46)/3,0)) + (YEAR(G46) - YEAR(F46)) * 4 + 1, K46="per month", (MONTH(G46) - MONTH(F46)) + (YEAR(G46) - YEAR(F46)) * 12 + 1, K46="bimonthly", ROUNDUP(((MONTH(G46) - MONTH(F46)) + (YEAR(G46) - YEAR(F46)) * 12 + 1) / 2, 0), K46="per year", (YEAR(G46) - YEAR(F46)) + 1, K46="biyear", ROUNDUP(((YEAR(G46) - YEAR(F46)) + 1) / 2, 0), TRUE, "")} -> 2 | M46: 21.012229 | N46: 52.229676
A47: Dr. Łukasz Zadrożny | B47: 108003 | C47: Europe | D47: Poland | F47: 45816 | G47: 46022 | H47: =IF(ISBLANK(G47), "", IF(INT(G47 - TODAY()) >= 0, "D-" & INT(G47 - TODAY()), "D+" & ABS(INT(G47 - TODAY())))) -> D-44 | I47: Lecture | J47: Lectures | K47: per quarter | L47: {=_xlfn.IFS(OR(ISBLANK(F47), ISBLANK(G47), ISBLANK(K47)), "", K47="per quarter", (ROUNDUP(MONTH(G47)/3,0) - ROUNDUP(MONTH(F47)/3,0)) + (YEAR(G47) - YEAR(F47)) * 4 + 1, K47="per month", (MONTH(G47) - MONTH(F47)) + (YEAR(G47) - YEAR(F47)) * 12 + 1, K47="bimonthly", ROUNDUP(((MONTH(G47) - MONTH(F47)) + (YEAR(G47) - YEAR(F47)) * 12 + 1) / 2, 0), K47="per year", (YEAR(G47) - YEAR(F47)) + 1, K47="biyear", ROUNDUP(((YEAR(G47) - YEAR(F47)) + 1) / 2, 0), TRUE, "")} -> 3 | M47: 20.899641 | N47: 52.346917
A48: Dr. Łukasz Zadrożny | B48: 108003 | C48: Europe | D48: Poland | F48: 45816 | G48: 46022 | H48: =IF(ISBLANK(G48), "", IF(INT(G48 - TODAY()) >= 0, "D-" & INT(G48 - TODAY()), "D+" & ABS(INT(G48 - TODAY())))) -> D-44 | I48: Case Report | J48: T-series case report | K48: per year | L48: {=_xlfn.IFS(OR(ISBLANK(F48), ISBLANK(G48), ISBLANK(K48)), "", K48="per quarter", (ROUNDUP(MONTH(G48)/3,0) - ROUNDUP(MONTH(F48)/3,0)) + (YEAR(G48) - YEAR(F48)) * 4 + 1, K48="per month", (MONTH(G48) - MONTH(F48)) + (YEAR(G48) - YEAR(F48)) * 12 + 1, K48="bimonthly", ROUNDUP(((MONTH(G48) - MONTH(F48)) + (YEAR(G48) - YEAR(F48)) * 12 + 1) / 2, 0), K48="per year", (YEAR(G48) - YEAR(F48)) + 1, K48="biyear", ROUNDUP(((YEAR(G48) - YEAR(F48)) + 1) / 2, 0), TRUE, "")} -> 1 | M48: 20.899641 | N48: 52.346917
A49: Dr. Anton Sadovnyshyi | B49: 109001 | C49: Europe | D49: Ukraine | F49: 45852 | G49: 46216 | H49: =IF(ISBLANK(G49), "", IF(INT(G49 - TODAY()) >= 0, "D-" & INT(G49 - TODAY()), "D+" & ABS(INT(G49 - TODAY())))) -> D-238 | I49: Lecture | J49: lecture | K49: per quarter | L49: {=_xlfn.IFS(OR(ISBLANK(F49), ISBLANK(G49), ISBLANK(K49)), "", K49="per quarter", (ROUNDUP(MONTH(G49)/3,0) - ROUNDUP(MONTH(F49)/3,0)) + (YEAR(G49) - YEAR(F49)) * 4 + 1, K49="per month", (MONTH(G49) - MONTH(F49)) + (YEAR(G49) - YEAR(F49)) * 12 + 1, K49="bimonthly", ROUNDUP(((MONTH(G49) - MONTH(F49)) + (YEAR(G49) - YEAR(F49)) * 12 + 1) / 2, 0), K49="per year", (YEAR(G49) - YEAR(F49)) + 1, K49="biyear", ROUNDUP(((YEAR(G49) - YEAR(F49)) + 1) / 2, 0), TRUE, "")} -> 5 | M49: 30.409622 | N49: 50.455707
A50: Dr. Anton Sadovnyshyi | B50: 109001 | C50: Europe | D50: Ukraine | F50: 45852 | G50: 46216 | H50: =IF(ISBLANK(G50), "", IF(INT(G50 - TODAY()) >= 0, "D-" & INT(G50 - TODAY()), "D+" & ABS(INT(G50 - TODAY())))) -> D-238 | I50: SNS Posting | J50: Social engagement | K50: per year | L50: {=_xlfn.IFS(OR(ISBLANK(F50), ISBLANK(G50), ISBLANK(K50)), "", K50="per quarter", (ROUNDUP(MONTH(G50)/3,0) - ROUNDUP(MONTH(F50)/3,0)) + (YEAR(G50) - YEAR(F50)) * 4 + 1, K50="per month", (MONTH(G50) - MONTH(F50)) + (YEAR(G50) - YEAR(F50)) * 12 + 1, K50="bimonthly", ROUNDUP(((MONTH(G50) - MONTH(F50)) + (YEAR(G50) - YEAR(F50)) * 12 + 1) / 2, 0), K50="per year", (YEAR(G50) - YEAR(F50)) + 1, K50="biyear", ROUNDUP(((YEAR(G50) - YEAR(F50)) + 1) / 2, 0), TRUE, "")} -> 2 | M50: 30.409622 | N50: 50.455707
A51: Dr. Yevhenii Sluchevskyi | B51: 109002 | C51: Europe | D51: Ukraine | F51: 45852 | G51: 46216 | H51: =IF(ISBLANK(G51), "", IF(INT(G51 - TODAY()) >= 0, "D-" & INT(G51 - TODAY()), "D+" & ABS(INT(G51 - TODAY())))) -> D-238 | I51: Lecture | J51: lecture | K51: per quarter | L51: {=_xlfn.IFS(OR(ISBLANK(F51), ISBLANK(G51), ISBLANK(K51)), "", K51="per quarter", (ROUNDUP(MONTH(G51)/3,0) - ROUNDUP(MONTH(F51)/3,0)) + (YEAR(G51) - YEAR(F51)) * 4 + 1, K51="per month", (MONTH(G51) - MONTH(F51)) + (YEAR(G51) - YEAR(F51)) * 12 + 1, K51="bimonthly", ROUNDUP(((MONTH(G51) - MONTH(F51)) + (YEAR(G51) - YEAR(F51)) * 12 + 1) / 2, 0), K51="per year", (YEAR(G51) - YEAR(F51)) + 1, K51="biyear", ROUNDUP(((YEAR(G51) - YEAR(F51)) + 1) / 2, 0), TRUE, "")} -> 5 | M51: 30.47585 | N51: 50.430371
A52: Dr. Yevhenii Sluchevskyi | B52: 109002 | C52: Europe | D52: Ukraine | F52: 45852 | G52: 46216 | H52: =IF(ISBLANK(G52), "", IF(INT(G52 - TODAY()) >= 0, "D-" & INT(G52 - TODAY()), "D+" & ABS(INT(G52 - TODAY())))) -> D-238 | I52: SNS Posting | J52: Social engagement | K52: per year | L52: {=_xlfn.IFS(OR(ISBLANK(F52), ISBLANK(G52), ISBLANK(K52)), "", K52="per quarter", (ROUNDUP(MONTH(G52)/3,0) - ROUNDUP(MONTH(F52)/3,0)) + (YEAR(G52) - YEAR(F52)) * 4 + 1, K52="per month", (MONTH(G52) - MONTH(F52)) + (YEAR(G52) - YEAR(F52)) * 12 + 1, K52="bimonthly", ROUNDUP(((MONTH(G52) - MONTH(F52)) + (YEAR(G52) - YEAR(F52)) * 12 + 1) / 2, 0), K52="per year", (YEAR(G52) - YEAR(F52)) + 1, K52="biyear", ROUNDUP(((YEAR(G52) - YEAR(F52)) + 1) / 2, 0), TRUE, "")} -> 2 | M52: 30.47585 | N52: 50.430371
A53: Dr. Veiko Vengerfeldt | B53: 110001 | C53: Europe | D53: Estonia | H53: =IF(ISBLANK(G53), "", IF(INT(G53 - TODAY()) >= 0, "D-" & INT(G53 - TODAY()), "D+" & ABS(INT(G53 - TODAY())))) | I53: R&D Feedback | J53: R&D Feedback | K53: per year | L53: {=_xlfn.IFS(OR(ISBLANK(F53), ISBLANK(G53), ISBLANK(K53)), "", K53="per quarter", (ROUNDUP(MONTH(G53)/3,0) - ROUNDUP(MONTH(F53)/3,0)) + (YEAR(G53) - YEAR(F53)) * 4 + 1, K53="per month", (MONTH(G53) - MONTH(F53)) + (YEAR(G53) - YEAR(F53)) * 12 + 1, K53="bimonthly", ROUNDUP(((MONTH(G53) - MONTH(F53)) + (YEAR(G53) - YEAR(F53)) * 12 + 1) / 2, 0), K53="per year", (YEAR(G53) - YEAR(F53)) + 1, K53="biyear", ROUNDUP(((YEAR(G53) - YEAR(F53)) + 1) / 2, 0), TRUE, "")} | M53: 26.719974 | N53: 58.372636
A54: Dr. Veiko Vengerfeldt | B54: 110001 | C54: Europe | D54: Estonia | H54: =IF(ISBLANK(G54), "", IF(INT(G54 - TODAY()) >= 0, "D-" & INT(G54 - TODAY()), "D+" & ABS(INT(G54 - TODAY())))) | I54: Case Report | J54: Case | K54: per year | L54: {=_xlfn.IFS(OR(ISBLANK(F54), ISBLANK(G54), ISBLANK(K54)), "", K54="per quarter", (ROUNDUP(MONTH(G54)/3,0) - ROUNDUP(MONTH(F54)/3,0)) + (YEAR(G54) - YEAR(F54)) * 4 + 1, K54="per month", (MONTH(G54) - MONTH(F54)) + (YEAR(G54) - YEAR(F54)) * 12 + 1, K54="bimonthly", ROUNDUP(((MONTH(G54) - MONTH(F54)) + (YEAR(G54) - YEAR(F54)) * 12 + 1) / 2, 0), K54="per year", (YEAR(G54) - YEAR(F54)) + 1, K54="biyear", ROUNDUP(((YEAR(G54) - YEAR(F54)) + 1) / 2, 0), TRUE, "")} | M54: 26.719974 | N54: 58.372636
A55: Dr. Veiko Vengerfeldt | B55: 110001 | C55: Europe | D55: Estonia | H55: =IF(ISBLANK(G55), "", IF(INT(G55 - TODAY()) >= 0, "D-" & INT(G55 - TODAY()), "D+" & ABS(INT(G55 - TODAY())))) | I55: (Other) | J55: Contents creation | K55: per year | L55: {=_xlfn.IFS(OR(ISBLANK(F55), ISBLANK(G55), ISBLANK(K55)), "", K55="per quarter", (ROUNDUP(MONTH(G55)/3,0) - ROUNDUP(MONTH(F55)/3,0)) + (YEAR(G55) - YEAR(F55)) * 4 + 1, K55="per month", (MONTH(G55) - MONTH(F55)) + (YEAR(G55) - YEAR(F55)) * 12 + 1, K55="bimonthly", ROUNDUP(((MONTH(G55) - MONTH(F55)) + (YEAR(G55) - YEAR(F55)) * 12 + 1) / 2, 0), K55="per year", (YEAR(G55) - YEAR(F55)) + 1, K55="biyear", ROUNDUP(((YEAR(G55) - YEAR(F55)) + 1) / 2, 0), TRUE, "")} | M55: 26.719974 | N55: 58.372636
A56: Dr. Veiko Vengerfeldt | B56: 110001 | C56: Europe | D56: Estonia | H56: =IF(ISBLANK(G56), "", IF(INT(G56 - TODAY()) >= 0, "D-" & INT(G56 - TODAY()), "D+" & ABS(INT(G56 - TODAY())))) | I56: Lecture | J56: Academy lectures | K56: per year | L56: {=_xlfn.IFS(OR(ISBLANK(F56), ISBLANK(G56), ISBLANK(K56)), "", K56="per quarter", (ROUNDUP(MONTH(G56)/3,0) - ROUNDUP(MONTH(F56)/3,0)) + (YEAR(G56) - YEAR(F56)) * 4 + 1, K56="per month", (MONTH(G56) - MONTH(F56)) + (YEAR(G56) - YEAR(F56)) * 12 + 1, K56="bimonthly", ROUNDUP(((MONTH(G56) - MONTH(F56)) + (YEAR(G56) - YEAR(F56)) * 12 + 1) / 2, 0), K56="per year", (YEAR(G56) - YEAR(F56)) + 1, K56="biyear", ROUNDUP(((YEAR(G56) - YEAR(F56)) + 1) / 2, 0), TRUE, "")} | M56: 26.719974 | N56: 58.372636
A57: Dr. Marco Tallarico | B57: 111001 | C57: Europe | D57: Italy | F57: 45723 | G57: 46088 | H57: =IF(ISBLANK(G57), "", IF(INT(G57 - TODAY()) >= 0, "D-" & INT(G57 - TODAY()), "D+" & ABS(INT(G57 - TODAY())))) -> D-110 | I57: Case Report | J57: Clinical case report | K57: per year | L57: {=_xlfn.IFS(OR(ISBLANK(F57), ISBLANK(G57), ISBLANK(K57)), "", K57="per quarter", (ROUNDUP(MONTH(G57)/3,0) - ROUNDUP(MONTH(F57)/3,0)) + (YEAR(G57) - YEAR(F57)) * 4 + 1, K57="per month", (MONTH(G57) - MONTH(F57)) + (YEAR(G57) - YEAR(F57)) * 12 + 1, K57="bimonthly", ROUNDUP(((MONTH(G57) - MONTH(F57)) + (YEAR(G57) - YEAR(F57)) * 12 + 1) / 2, 0), K57="per year", (YEAR(G57) - YEAR(F57)) + 1, K57="biyear", ROUNDUP(((YEAR(G57) - YEAR(F57)) + 1) / 2, 0), TRUE, "")} -> 2 | M57: 12.440879 | N57: 41.858696
A58: Dr. Antonino Cacioppo | B58: 111002 | C58: Europe | D58: Italy | H58: =IF(ISBLANK(G58), "", IF(INT(G58 - TODAY()) >= 0, "D-" & INT(G58 - TODAY()), "D+" & ABS(INT(G58 - TODAY())))) | I58: R&D Feedback | J58: R&D Feedback | K58: per year | L58: {=_xlfn.IFS(OR(ISBLANK(F58), ISBLANK(G58), ISBLANK(K58)), "", K58="per quarter", (ROUNDUP(MONTH(G58)/3,0) - ROUNDUP(MONTH(F58)/3,0)) + (YEAR(G58) - YEAR(F58)) * 4 + 1, K58="per month", (MONTH(G58) - MONTH(F58)) + (YEAR(G58) - YEAR(F58)) * 12 + 1, K58="bimonthly", ROUNDUP(((MONTH(G58) - MONTH(F58)) + (YEAR(G58) - YEAR(F58)) * 12 + 1) / 2, 0), K58="per year", (YEAR(G58) - YEAR(F58)) + 1, K58="biyear", ROUNDUP(((YEAR(G58) - YEAR(F58)) + 1) / 2, 0), TRUE, "")} | M58: 13.332582 | N58: 38.130288
A59: Dr. Antonino Cacioppo | B59: 111002 | C59: Europe | D59: Italy | H59: =IF(ISBLANK(G59), "", IF(INT(G59 - TODAY()) >= 0, "D-" & INT(G59 - TODAY()), "D+" & ABS(INT(G59 - TODAY())))) | I59: Case Report | J59: Case | K59: per year | L59: {=_xlfn.IFS(OR(ISBLANK(F59), ISBLANK(G59), ISBLANK(K59)), "", K59="per quarter", (ROUNDUP(MONTH(G59)/3,0) - ROUNDUP(MONTH(F59)/3,0)) + (YEAR(G59) - YEAR(F59)) * 4 + 1, K59="per month", (MONTH(G59) - MONTH(F59)) + (YEAR(G59) - YEAR(F59)) * 12 + 1, K59="bimonthly", ROUNDUP(((MONTH(G59) - MONTH(F59)) + (YEAR(G59) - YEAR(F59)) * 12 + 1) / 2, 0), K59="per year", (YEAR(G59) - YEAR(F59)) + 1, K59="biyear", ROUNDUP(((YEAR(G59) - YEAR(F59)) + 1) / 2, 0), TRUE, "")} | M59: 13.332582 | N59: 38.130288
A60: Dr. Antonino Cacioppo | B60: 111002 | C60: Europe | D60: Italy | H60: =IF(ISBLANK(G60), "", IF(INT(G60 - TODAY()) >= 0, "D-" & INT(G60 - TODAY()), "D+" & ABS(INT(G60 - TODAY())))) | I60: (Other) | J60: Contents creation | K60: per year | L60: {=_xlfn.IFS(OR(ISBLANK(F60), ISBLANK(G60), ISBLANK(K60)), "", K60="per quarter", (ROUNDUP(MONTH(G60)/3,0) - ROUNDUP(MONTH(F60)/3,0)) + (YEAR(G60) - YEAR(F60)) * 4 + 1, K60="per month", (MONTH(G60) - MONTH(F60)) + (YEAR(G60) - YEAR(F60)) * 12 + 1, K60="bimonthly", ROUNDUP(((MONTH(G60) - MONTH(F60)) + (YEAR(G60) - YEAR(F60)) * 12 + 1) / 2, 0), K60="per year", (YEAR(G60) - YEAR(F60)) + 1, K60="biyear", ROUNDUP(((YEAR(G60) - YEAR(F60)) + 1) / 2, 0), TRUE, "")} | M60: 13.332582 | N60: 38.130288
A61: Dr. Antonino Cacioppo | B61: 111002 | C61: Europe | D61: Italy | H61: =IF(ISBLANK(G61), "", IF(INT(G61 - TODAY()) >= 0, "D-" & INT(G61 - TODAY()), "D+" & ABS(INT(G61 - TODAY())))) | I61: Lecture | J61: Academy lectures | K61: per year | L61: {=_xlfn.IFS(OR(ISBLANK(F61), ISBLANK(G61), ISBLANK(K61)), "", K61="per quarter", (ROUNDUP(MONTH(G61)/3,0) - ROUNDUP(MONTH(F61)/3,0)) + (YEAR(G61) - YEAR(F61)) * 4 + 1, K61="per month", (MONTH(G61) - MONTH(F61)) + (YEAR(G61) - YEAR(F61)) * 12 + 1, K61="bimonthly", ROUNDUP(((MONTH(G61) - MONTH(F61)) + (YEAR(G61) - YEAR(F61)) * 12 + 1) / 2, 0), K61="per year", (YEAR(G61) - YEAR(F61)) + 1, K61="biyear", ROUNDUP(((YEAR(G61) - YEAR(F61)) + 1) / 2, 0), TRUE, "")} | M61: 13.332582 | N61: 38.130288
A62: Dr. Janghyun Paek | B62: 201001 | C62: APAC | D62: Korea | H62: =IF(ISBLANK(G62), "", IF(INT(G62 - TODAY()) >= 0, "D-" & INT(G62 - TODAY()), "D+" & ABS(INT(G62 - TODAY())))) | I62: R&D Feedback | J62: R&D Feedback | K62: per year | L62: {=_xlfn.IFS(OR(ISBLANK(F62), ISBLANK(G62), ISBLANK(K62)), "", K62="per quarter", (ROUNDUP(MONTH(G62)/3,0) - ROUNDUP(MONTH(F62)/3,0)) + (YEAR(G62) - YEAR(F62)) * 4 + 1, K62="per month", (MONTH(G62) - MONTH(F62)) + (YEAR(G62) - YEAR(F62)) * 12 + 1, K62="bimonthly", ROUNDUP(((MONTH(G62) - MONTH(F62)) + (YEAR(G62) - YEAR(F62)) * 12 + 1) / 2, 0), K62="per year", (YEAR(G62) - YEAR(F62)) + 1, K62="biyear", ROUNDUP(((YEAR(G62) - YEAR(F62)) + 1) / 2, 0), TRUE, "")} | M62: 126.6503 | N62: 37.370175
A63: Dr. Janghyun Paek | B63: 201001 | C63: APAC | D63: Korea | H63: =IF(ISBLANK(G63), "", IF(INT(G63 - TODAY()) >= 0, "D-" & INT(G63 - TODAY()), "D+" & ABS(INT(G63 - TODAY())))) | I63: Case Report | J63: Case | K63: per year | L63: {=_xlfn.IFS(OR(ISBLANK(F63), ISBLANK(G63), ISBLANK(K63)), "", K63="per quarter", (ROUNDUP(MONTH(G63)/3,0) - ROUNDUP(MONTH(F63)/3,0)) + (YEAR(G63) - YEAR(F63)) * 4 + 1, K63="per month", (MONTH(G63) - MONTH(F63)) + (YEAR(G63) - YEAR(F63)) * 12 + 1, K63="bimonthly", ROUNDUP(((MONTH(G63) - MONTH(F63)) + (YEAR(G63) - YEAR(F63)) * 12 + 1) / 2, 0), K63="per year", (YEAR(G63) - YEAR(F63)) + 1, K63="biyear", ROUNDUP(((YEAR(G63) - YEAR(F63)) + 1) / 2, 0), TRUE, "")} | M63: 126.6503 | N63: 37.370175
A64: Dr. Janghyun Paek | B64: 201001 | C64: APAC | D64: Korea | H64: =IF(ISBLANK(G64), "", IF(INT(G64 - TODAY()) >= 0, "D-" & INT(G64 - TODAY()), "D+" & ABS(INT(G64 - TODAY())))) | I64: (Other) | J64: Contents creation | K64: per year | L64: {=_xlfn.IFS(OR(ISBLANK(F64), ISBLANK(G64), ISBLANK(K64)), "", K64="per quarter", (ROUNDUP(MONTH(G64)/3,0) - ROUNDUP(MONTH(F64)/3,0)) + (YEAR(G64) - YEAR(F64)) * 4 + 1, K64="per month", (MONTH(G64) - MONTH(F64)) + (YEAR(G64) - YEAR(F64)) * 12 + 1, K64="bimonthly", ROUNDUP(((MONTH(G64) - MONTH(F64)) + (YEAR(G64) - YEAR(F64)) * 12 + 1) / 2, 0), K64="per year", (YEAR(G64) - YEAR(F64)) + 1, K64="biyear", ROUNDUP(((YEAR(G64) - YEAR(F64)) + 1) / 2, 0), TRUE, "")} | M64: 126.6503 | N64: 37.370175
A65: Dr. Janghyun Paek | B65: 201001 | C65: APAC | D65: Korea | H65: =IF(ISBLANK(G65), "", IF(INT(G65 - TODAY()) >= 0, "D-" & INT(G65 - TODAY()), "D+" & ABS(INT(G65 - TODAY())))) | I65: Lecture | J65: Academy lectures | K65: per year | L65: {=_xlfn.IFS(OR(ISBLANK(F65), ISBLANK(G65), ISBLANK(K65)), "", K65="per quarter", (ROUNDUP(MONTH(G65)/3,0) - ROUNDUP(MONTH(F65)/3,0)) + (YEAR(G65) - YEAR(F65)) * 4 + 1, K65="per month", (MONTH(G65) - MONTH(F65)) + (YEAR(G65) - YEAR(F65)) * 12 + 1, K65="bimonthly", ROUNDUP(((MONTH(G65) - MONTH(F65)) + (YEAR(G65) - YEAR(F65)) * 12 + 1) / 2, 0), K65="per year", (YEAR(G65) - YEAR(F65)) + 1, K65="biyear", ROUNDUP(((YEAR(G65) - YEAR(F65)) + 1) / 2, 0), TRUE, "")} | M65: 126.6503 | N65: 37.370175
A66: Dr. Sapaar Bayarmagnai | B66: 202001 | C66: APAC | D66: Mongolia | F66: 45763 | G66: 46022 | H66: =IF(ISBLANK(G66), "", IF(INT(G66 - TODAY()) >= 0, "D-" & INT(G66 - TODAY()), "D+" & ABS(INT(G66 - TODAY())))) -> D-44 | I66: Lecture | J66: Hands on training | K66: bimonth | L66: {=_xlfn.IFS(OR(ISBLANK(F66), ISBLANK(G66), ISBLANK(K66)), "", K66="per quarter", (ROUNDUP(MONTH(G66)/3,0) - ROUNDUP(MONTH(F66)/3,0)) + (YEAR(G66) - YEAR(F66)) * 4 + 1, K66="per month", (MONTH(G66) - MONTH(F66)) + (YEAR(G66) - YEAR(F66)) * 12 + 1, K66="bimonthly", ROUNDUP(((MONTH(G66) - MONTH(F66)) + (YEAR(G66) - YEAR(F66)) * 12 + 1) / 2, 0), K66="per year", (YEAR(G66) - YEAR(F66)) + 1, K66="biyear", ROUNDUP(((YEAR(G66) - YEAR(F66)) + 1) / 2, 0), TRUE, "")} | M66: 106.9155 | N66: 47.922051
A67: Dr. Sapaar Bayarmagnai | B67: 202001 | C67: APAC | D67: Mongolia | F67: 45763 | G67: 46022 | H67: =IF(ISBLANK(G67), "", IF(INT(G67 - TODAY()) >= 0, "D-" & INT(G67 - TODAY()), "D+" & ABS(INT(G67 - TODAY())))) -> D-44 | I67: (Other) | J67: Training at clinic | K67: every month | L67: {=_xlfn.IFS(OR(ISBLANK(F67), ISBLANK(G67), ISBLANK(K67)), "", K67="per quarter", (ROUNDUP(MONTH(G67)/3,0) - ROUNDUP(MONTH(F67)/3,0)) + (YEAR(G67) - YEAR(F67)) * 4 + 1, K67="per month", (MONTH(G67) - MONTH(F67)) + (YEAR(G67) - YEAR(F67)) * 12 + 1, K67="bimonthly", ROUNDUP(((MONTH(G67) - MONTH(F67)) + (YEAR(G67) - YEAR(F67)) * 12 + 1) / 2, 0), K67="per year", (YEAR(G67) - YEAR(F67)) + 1, K67="biyear", ROUNDUP(((YEAR(G67) - YEAR(F67)) + 1) / 2, 0), TRUE, "")} | M67: 106.9155 | N67: 47.922051
A68: Dr. Sapaar Bayarmagnai | B68: 202001 | C68: APAC | D68: Mongolia | F68: 45763 | G68: 46022 | H68: =IF(ISBLANK(G68), "", IF(INT(G68 - TODAY()) >= 0, "D-" & INT(G68 - TODAY()), "D+" & ABS(INT(G68 - TODAY())))) -> D-44 | I68: Lecture | J68: event lecture | K68: per year | L68: {=_xlfn.IFS(OR(ISBLANK(F68), ISBLANK(G68), ISBLANK(K68)), "", K68="per quarter", (ROUNDUP(MONTH(G68)/3,0) - ROUNDUP(MONTH(F68)/3,0)) + (YEAR(G68) - YEAR(F68)) * 4 + 1, K68="per month", (MONTH(G68) - MONTH(F68)) + (YEAR(G68) - YEAR(F68)) * 12 + 1, K68="bimonthly", ROUNDUP(((MONTH(G68) - MONTH(F68)) + (YEAR(G68) - YEAR(F68)) * 12 + 1) / 2, 0), K68="per year", (YEAR(G68) - YEAR(F68)) + 1, K68="biyear", ROUNDUP(((YEAR(G68) - YEAR(F68)) + 1) / 2, 0), TRUE, "")} -> 1 | M68: 106.9155 | N68: 47.922051
A69: Dr. Swapnil Pande | B69: 203001 | C69: APAC | D69: India | H69: =IF(ISBLANK(G69), "", IF(INT(G69 - TODAY()) >= 0, "D-" & INT(G69 - TODAY()), "D+" & ABS(INT(G69 - TODAY())))) | I69: R&D Feedback | J69: R&D Feedback | K69: per year | L69: {=_xlfn.IFS(OR(ISBLANK(F69), ISBLANK(G69), ISBLANK(K69)), "", K69="per quarter", (ROUNDUP(MONTH(G69)/3,0) - ROUNDUP(MONTH(F69)/3,0)) + (YEAR(G69) - YEAR(F69)) * 4 + 1, K69="per month", (MONTH(G69) - MONTH(F69)) + (YEAR(G69) - YEAR(F69)) * 12 + 1, K69="bimonthly", ROUNDUP(((MONTH(G69) - MONTH(F69)) + (YEAR(G69) - YEAR(F69)) * 12 + 1) / 2, 0), K69="per year", (YEAR(G69) - YEAR(F69)) + 1, K69="biyear", ROUNDUP(((YEAR(G69) - YEAR(F69)) + 1) / 2, 0), TRUE, "")} | M69: 72.869109 | N69: 19.285637
A70: Dr. Swapnil Pande | B70: 203001 | C70: APAC | D70: India | H70: =IF(ISBLANK(G70), "", IF(INT(G70 - TODAY()) >= 0, "D-" & INT(G70 - TODAY()), "D+" & ABS(INT(G70 - TODAY())))) | I70: Case Report | J70: Case | K70: per year | L70: {=_xlfn.IFS(OR(ISBLANK(F70), ISBLANK(G70), ISBLANK(K70)), "", K70="per quarter", (ROUNDUP(MONTH(G70)/3,0) - ROUNDUP(MONTH(F70)/3,0)) + (YEAR(G70) - YEAR(F70)) * 4 + 1, K70="per month", (MONTH(G70) - MONTH(F70)) + (YEAR(G70) - YEAR(F70)) * 12 + 1, K70="bimonthly", ROUNDUP(((MONTH(G70) - MONTH(F70)) + (YEAR(G70) - YEAR(F70)) * 12 + 1) / 2, 0), K70="per year", (YEAR(G70) - YEAR(F70)) + 1, K70="biyear", ROUNDUP(((YEAR(G70) - YEAR(F70)) + 1) / 2, 0), TRUE, "")} | M70: 72.869109 | N70: 19.285637
A71: Dr. Swapnil Pande | B71: 203001 | C71: APAC | D71: India | H71: =IF(ISBLANK(G71), "", IF(INT(G71 - TODAY()) >= 0, "D-" & INT(G71 - TODAY()), "D+" & ABS(INT(G71 - TODAY())))) | I71: (Other) | J71: Contents creation | K71: per year | L71: {=_xlfn.IFS(OR(ISBLANK(F71), ISBLANK(G71), ISBLANK(K71)), "", K71="per quarter", (ROUNDUP(MONTH(G71)/3,0) - ROUNDUP(MONTH(F71)/3,0)) + (YEAR(G71) - YEAR(F71)) * 4 + 1, K71="per month", (MONTH(G71) - MONTH(F71)) + (YEAR(G71) - YEAR(F71)) * 12 + 1, K71="bimonthly", ROUNDUP(((MONTH(G71) - MONTH(F71)) + (YEAR(G71) - YEAR(F71)) * 12 + 1) / 2, 0), K71="per year", (YEAR(G71) - YEAR(F71)) + 1, K71="biyear", ROUNDUP(((YEAR(G71) - YEAR(F71)) + 1) / 2, 0), TRUE, "")} | M71: 72.869109 | N71: 19.285637
A72: Dr. Swapnil Pande | B72: 203001 | C72: APAC | D72: India | H72: =IF(ISBLANK(G72), "", IF(INT(G72 - TODAY()) >= 0, "D-" & INT(G72 - TODAY()), "D+" & ABS(INT(G72 - TODAY())))) | I72: Lecture | J72: Academy lectures | K72: per year | L72: {=_xlfn.IFS(OR(ISBLANK(F72), ISBLANK(G72), ISBLANK(K72)), "", K72="per quarter", (ROUNDUP(MONTH(G72)/3,0) - ROUNDUP(MONTH(F72)/3,0)) + (YEAR(G72) - YEAR(F72)) * 4 + 1, K72="per month", (MONTH(G72) - MONTH(F72)) + (YEAR(G72) - YEAR(F72)) * 12 + 1, K72="bimonthly", ROUNDUP(((MONTH(G72) - MONTH(F72)) + (YEAR(G72) - YEAR(F72)) * 12 + 1) / 2, 0), K72="per year", (YEAR(G72) - YEAR(F72)) + 1, K72="biyear", ROUNDUP(((YEAR(G72) - YEAR(F72)) + 1) / 2, 0), TRUE, "")} | M72: 72.869109 | N72: 19.285637
A73: Dr. Swapnil Pande | B73: 203001 | C73: APAC | D73: India | H73: =IF(ISBLANK(G73), "", IF(INT(G73 - TODAY()) >= 0, "D-" & INT(G73 - TODAY()), "D+" & ABS(INT(G73 - TODAY())))) | I73: Lecture | J73: Lecture | K73: per quarter | L73: {=_xlfn.IFS(OR(ISBLANK(F73), ISBLANK(G73), ISBLANK(K73)), "", K73="per quarter", (ROUNDUP(MONTH(G73)/3,0) - ROUNDUP(MONTH(F73)/3,0)) + (YEAR(G73) - YEAR(F73)) * 4 + 1, K73="per month", (MONTH(G73) - MONTH(F73)) + (YEAR(G73) - YEAR(F73)) * 12 + 1, K73="bimonthly", ROUNDUP(((MONTH(G73) - MONTH(F73)) + (YEAR(G73) - YEAR(F73)) * 12 + 1) / 2, 0), K73="per year", (YEAR(G73) - YEAR(F73)) + 1, K73="biyear", ROUNDUP(((YEAR(G73) - YEAR(F73)) + 1) / 2, 0), TRUE, "")} | M73: 72.869109 | N73: 19.285637
A74: Dr. Priyam Aditya | B74: 203002 | C74: APAC | D74: India | F74: 45763 | G74: 46022 | H74: =IF(ISBLANK(G74), "", IF(INT(G74 - TODAY()) >= 0, "D-" & INT(G74 - TODAY()), "D+" & ABS(INT(G74 - TODAY())))) -> D-44 | I74: R&D Feedback | J74: R&D Feedback | K74: per year | L74: {=_xlfn.IFS(OR(ISBLANK(F74), ISBLANK(G74), ISBLANK(K74)), "", K74="per quarter", (ROUNDUP(MONTH(G74)/3,0) - ROUNDUP(MONTH(F74)/3,0)) + (YEAR(G74) - YEAR(F74)) * 4 + 1, K74="per month", (MONTH(G74) - MONTH(F74)) + (YEAR(G74) - YEAR(F74)) * 12 + 1, K74="bimonthly", ROUNDUP(((MONTH(G74) - MONTH(F74)) + (YEAR(G74) - YEAR(F74)) * 12 + 1) / 2, 0), K74="per year", (YEAR(G74) - YEAR(F74)) + 1, K74="biyear", ROUNDUP(((YEAR(G74) - YEAR(F74)) + 1) / 2, 0), TRUE, "")} -> 1 | M74: 77.10249 | N74: 28.704059
A75: Dr. Priyam Aditya | B75: 203002 | C75: APAC | D75: India | F75: 45763 | G75: 46022 | H75: =IF(ISBLANK(G75), "", IF(INT(G75 - TODAY()) >= 0, "D-" & INT(G75 - TODAY()), "D+" & ABS(INT(G75 - TODAY())))) -> D-44 | I75: Case Report | J75: Case | K75: per year | L75: {=_xlfn.IFS(OR(ISBLANK(F75), ISBLANK(G75), ISBLANK(K75)), "", K75="per quarter", (ROUNDUP(MONTH(G75)/3,0) - ROUNDUP(MONTH(F75)/3,0)) + (YEAR(G75) - YEAR(F75)) * 4 + 1, K75="per month", (MONTH(G75) - MONTH(F75)) + (YEAR(G75) - YEAR(F75)) * 12 + 1, K75="bimonthly", ROUNDUP(((MONTH(G75) - MONTH(F75)) + (YEAR(G75) - YEAR(F75)) * 12 + 1) / 2, 0), K75="per year", (YEAR(G75) - YEAR(F75)) + 1, K75="biyear", ROUNDUP(((YEAR(G75) - YEAR(F75)) + 1) / 2, 0), TRUE, "")} -> 1 | M75: 77.10249 | N75: 28.704059
A76: Dr. Priyam Aditya | B76: 203002 | C76: APAC | D76: India | F76: 45763 | G76: 46022 | H76: =IF(ISBLANK(G76), "", IF(INT(G76 - TODAY()) >= 0, "D-" & INT(G76 - TODAY()), "D+" & ABS(INT(G76 - TODAY())))) -> D-44 | I76: (Other) | J76: Contents creation | K76: per year | L76: {=_xlfn.IFS(OR(ISBLANK(F76), ISBLANK(G76), ISBLANK(K76)), "", K76="per quarter", (ROUNDUP(MONTH(G76)/3,0) - ROUNDUP(MONTH(F76)/3,0)) + (YEAR(G76) - YEAR(F76)) * 4 + 1, K76="per month", (MONTH(G76) - MONTH(F76)) + (YEAR(G76) - YEAR(F76)) * 12 + 1, K76="bimonthly", ROUNDUP(((MONTH(G76) - MONTH(F76)) + (YEAR(G76) - YEAR(F76)) * 12 + 1) / 2, 0), K76="per year", (YEAR(G76) - YEAR(F76)) + 1, K76="biyear", ROUNDUP(((YEAR(G76) - YEAR(F76)) + 1) / 2, 0), TRUE, "")} -> 1 | M76: 77.10249 | N76: 28.704059
A77: Dr. Priyam Aditya | B77: 203002 | C77: APAC | D77: India | F77: 45763 | G77: 46022 | H77: =IF(ISBLANK(G77), "", IF(INT(G77 - TODAY()) >= 0, "D-" & INT(G77 - TODAY()), "D+" & ABS(INT(G77 - TODAY())))) -> D-44 | I77: Lecture | J77: Academy lectures | K77: per year | L77: {=_xlfn.IFS(OR(ISBLANK(F77), ISBLANK(G77), ISBLANK(K77)), "", K77="per quarter", (ROUNDUP(MONTH(G77)/3,0) - ROUNDUP(MONTH(F77)/3,0)) + (YEAR(G77) - YEAR(F77)) * 4 + 1, K77="per month", (MONTH(G77) - MONTH(F77)) + (YEAR(G77) - YEAR(F77)) * 12 + 1, K77="bimonthly", ROUNDUP(((MONTH(G77) - MONTH(F77)) + (YEAR(G77) - YEAR(F77)) * 12 + 1) / 2, 0), K77="per year", (YEAR(G77) - YEAR(F77)) + 1, K77="biyear", ROUNDUP(((YEAR(G77) - YEAR(F77)) + 1) / 2, 0), TRUE, "")} -> 1 | M77: 77.10249 | N77: 28.704059
A78: Dr. Priyam Aditya | B78: 203002 | C78: APAC | D78: India | F78: 45763 | G78: 46022 | H78: =IF(ISBLANK(G78), "", IF(INT(G78 - TODAY()) >= 0, "D-" & INT(G78 - TODAY()), "D+" & ABS(INT(G78 - TODAY())))) -> D-44 | I78: Lecture | J78: Lecture | K78: per quarter | L78: {=_xlfn.IFS(OR(ISBLANK(F78), ISBLANK(G78), ISBLANK(K78)), "", K78="per quarter", (ROUNDUP(MONTH(G78)/3,0) - ROUNDUP(MONTH(F78)/3,0)) + (YEAR(G78) - YEAR(F78)) * 4 + 1, K78="per month", (MONTH(G78) - MONTH(F78)) + (YEAR(G78) - YEAR(F78)) * 12 + 1, K78="bimonthly", ROUNDUP(((MONTH(G78) - MONTH(F78)) + (YEAR(G78) - YEAR(F78)) * 12 + 1) / 2, 0), K78="per year", (YEAR(G78) - YEAR(F78)) + 1, K78="biyear", ROUNDUP(((YEAR(G78) - YEAR(F78)) + 1) / 2, 0), TRUE, "")} -> 3 | M78: 77.10249 | N78: 28.704059
A79: Dr. Ahmad Al Hassiny | B79: 204001 | C79: APAC | D79: New Zealand | F79: 45866 | G79: 46231 | H79: =IF(ISBLANK(G79), "", IF(INT(G79 - TODAY()) >= 0, "D-" & INT(G79 - TODAY()), "D+" & ABS(INT(G79 - TODAY())))) -> D-253 | I79: Testimonial | J79: Product Review Project (i900c, i900m) | K79: per year | L79: {=_xlfn.IFS(OR(ISBLANK(F79), ISBLANK(G79), ISBLANK(K79)), "", K79="per quarter", (ROUNDUP(MONTH(G79)/3,0) - ROUNDUP(MONTH(F79)/3,0)) + (YEAR(G79) - YEAR(F79)) * 4 + 1, K79="per month", (MONTH(G79) - MONTH(F79)) + (YEAR(G79) - YEAR(F79)) * 12 + 1, K79="bimonthly", ROUNDUP(((MONTH(G79) - MONTH(F79)) + (YEAR(G79) - YEAR(F79)) * 12 + 1) / 2, 0), K79="per year", (YEAR(G79) - YEAR(F79)) + 1, K79="biyear", ROUNDUP(((YEAR(G79) - YEAR(F79)) + 1) / 2, 0), TRUE, "")} -> 2 | M79: 174.77875 | N79: -41.292381
A80: Dr. Ahmad Al Hassiny | B80: 204001 | C80: APAC | D80: New Zealand | F80: 45866 | G80: 46231 | H80: =IF(ISBLANK(G80), "", IF(INT(G80 - TODAY()) >= 0, "D-" & INT(G80 - TODAY()), "D+" & ABS(INT(G80 - TODAY())))) -> D-253 | I80: Article | J80: Article | K80: per year | L80: {=_xlfn.IFS(OR(ISBLANK(F80), ISBLANK(G80), ISBLANK(K80)), "", K80="per quarter", (ROUNDUP(MONTH(G80)/3,0) - ROUNDUP(MONTH(F80)/3,0)) + (YEAR(G80) - YEAR(F80)) * 4 + 1, K80="per month", (MONTH(G80) - MONTH(F80)) + (YEAR(G80) - YEAR(F80)) * 12 + 1, K80="bimonthly", ROUNDUP(((MONTH(G80) - MONTH(F80)) + (YEAR(G80) - YEAR(F80)) * 12 + 1) / 2, 0), K80="per year", (YEAR(G80) - YEAR(F80)) + 1, K80="biyear", ROUNDUP(((YEAR(G80) - YEAR(F80)) + 1) / 2, 0), TRUE, "")} -> 2 | M80: 174.77875 | N80: -41.292381
A81: Dr. Ahmad Al Hassiny | B81: 204001 | C81: APAC | D81: New Zealand | F81: 45866 | G81: 46231 | H81: =IF(ISBLANK(G81), "", IF(INT(G81 - TODAY()) >= 0, "D-" & INT(G81 - TODAY()), "D+" & ABS(INT(G81 - TODAY())))) -> D-253 | I81: R&D Feedback | J81: R&D Feedback | K81: per year | L81: {=_xlfn.IFS(OR(ISBLANK(F81), ISBLANK(G81), ISBLANK(K81)), "", K81="per quarter", (ROUNDUP(MONTH(G81)/3,0) - ROUNDUP(MONTH(F81)/3,0)) + (YEAR(G81) - YEAR(F81)) * 4 + 1, K81="per month", (MONTH(G81) - MONTH(F81)) + (YEAR(G81) - YEAR(F81)) * 12 + 1, K81="bimonthly", ROUNDUP(((MONTH(G81) - MONTH(F81)) + (YEAR(G81) - YEAR(F81)) * 12 + 1) / 2, 0), K81="per year", (YEAR(G81) - YEAR(F81)) + 1, K81="biyear", ROUNDUP(((YEAR(G81) - YEAR(F81)) + 1) / 2, 0), TRUE, "")} -> 2 | M81: 174.77875 | N81: -41.292381
A82: Dr. Manapat Thaveeprungsiporn | B82: 205001 | C82: APAC | D82: Thailand | F82: 45839 | G82: 46203 | H82: =IF(ISBLANK(G82), "", IF(INT(G82 - TODAY()) >= 0, "D-" & INT(G82 - TODAY()), "D+" & ABS(INT(G82 - TODAY())))) -> D-225 | I82: Lecture | J82: Lectures at Conference | K82: per year | L82: {=_xlfn.IFS(OR(ISBLANK(F82), ISBLANK(G82), ISBLANK(K82)), "", K82="per quarter", (ROUNDUP(MONTH(G82)/3,0) - ROUNDUP(MONTH(F82)/3,0)) + (YEAR(G82) - YEAR(F82)) * 4 + 1, K82="per month", (MONTH(G82) - MONTH(F82)) + (YEAR(G82) - YEAR(F82)) * 12 + 1, K82="bimonthly", ROUNDUP(((MONTH(G82) - MONTH(F82)) + (YEAR(G82) - YEAR(F82)) * 12 + 1) / 2, 0), K82="per year", (YEAR(G82) - YEAR(F82)) + 1, K82="biyear", ROUNDUP(((YEAR(G82) - YEAR(F82)) + 1) / 2, 0), TRUE, "")} -> 2 | M82: 100.63397 | N82: 13.668794
A83: Dr. Manapat Thaveeprungsiporn | B83: 205001 | C83: APAC | D83: Thailand | F83: 45839 | G83: 46203 | H83: =IF(ISBLANK(G83), "", IF(INT(G83 - TODAY()) >= 0, "D-" & INT(G83 - TODAY()), "D+" & ABS(INT(G83 - TODAY())))) -> D-225 | I83: Article | J83: Article | K83: per year | L83: {=_xlfn.IFS(OR(ISBLANK(F83), ISBLANK(G83), ISBLANK(K83)), "", K83="per quarter", (ROUNDUP(MONTH(G83)/3,0) - ROUNDUP(MONTH(F83)/3,0)) + (YEAR(G83) - YEAR(F83)) * 4 + 1, K83="per month", (MONTH(G83) - MONTH(F83)) + (YEAR(G83) - YEAR(F83)) * 12 + 1, K83="bimonthly", ROUNDUP(((MONTH(G83) - MONTH(F83)) + (YEAR(G83) - YEAR(F83)) * 12 + 1) / 2, 0), K83="per year", (YEAR(G83) - YEAR(F83)) + 1, K83="biyear", ROUNDUP(((YEAR(G83) - YEAR(F83)) + 1) / 2, 0), TRUE, "")} -> 2 | M83: 100.63397 | N83: 13.668794
A84: Dr. Manapat Thaveeprungsiporn | B84: 205001 | C84: APAC | D84: Thailand | F84: 45839 | G84: 46203 | H84: =IF(ISBLANK(G84), "", IF(INT(G84 - TODAY()) >= 0, "D-" & INT(G84 - TODAY()), "D+" & ABS(INT(G84 - TODAY())))) -> D-225 | I84: Lecture | J84: Academic content creation | K84: per year | L84: {=_xlfn.IFS(OR(ISBLANK(F84), ISBLANK(G84), ISBLANK(K84)), "", K84="per quarter", (ROUNDUP(MONTH(G84)/3,0) - ROUNDUP(MONTH(F84)/3,0)) + (YEAR(G84) - YEAR(F84)) * 4 + 1, K84="per month", (MONTH(G84) - MONTH(F84)) + (YEAR(G84) - YEAR(F84)) * 12 + 1, K84="bimonthly", ROUNDUP(((MONTH(G84) - MONTH(F84)) + (YEAR(G84) - YEAR(F84)) * 12 + 1) / 2, 0), K84="per year", (YEAR(G84) - YEAR(F84)) + 1, K84="biyear", ROUNDUP(((YEAR(G84) - YEAR(F84)) + 1) / 2, 0), TRUE, "")} -> 2 | M84: 100.63397 | N84: 13.668794
A85: Dr. Sameh Shaaban | B85: 301001 | C85: MEA | D85: Egypt | F85: 45764 | G85: 46022 | H85: =IF(ISBLANK(G85), "", IF(INT(G85 - TODAY()) >= 0, "D-" & INT(G85 - TODAY()), "D+" & ABS(INT(G85 - TODAY())))) -> D-44 | I85: Case Report | J85: Cases | K85: biyear | L85: {=_xlfn.IFS(OR(ISBLANK(F85), ISBLANK(G85), ISBLANK(K85)), "", K85="per quarter", (ROUNDUP(MONTH(G85)/3,0) - ROUNDUP(MONTH(F85)/3,0)) + (YEAR(G85) - YEAR(F85)) * 4 + 1, K85="per month", (MONTH(G85) - MONTH(F85)) + (YEAR(G85) - YEAR(F85)) * 12 + 1, K85="bimonthly", ROUNDUP(((MONTH(G85) - MONTH(F85)) + (YEAR(G85) - YEAR(F85)) * 12 + 1) / 2, 0), K85="per year", (YEAR(G85) - YEAR(F85)) + 1, K85="biyear", ROUNDUP(((YEAR(G85) - YEAR(F85)) + 1) / 2, 0), TRUE, "")} -> 1 | M85: 31.235712 | N85: 30.04442
... A100: Dr. Sardor Mirakhmedov | B100: 206001 | C100: APAC | D100: Uzbekistan | F100: 45883 | G100: 46247 | H100: =IF(ISBLANK(G100), "", IF(INT(G100 - TODAY()) >= 0, "D-" & INT(G100 - TODAY()), "D+" & ABS(INT(G100 - TODAY())))) -> D-269 | I100: Lecture | J100: Academy lectures | K100: per year | L100: {=_xlfn.IFS(OR(ISBLANK(F100), ISBLANK(G100), ISBLANK(K100)), "", K100="per quarter", (ROUNDUP(MONTH(G100)/3,0) - ROUNDUP(MONTH(F100)/3,0)) + (YEAR(G100) - YEAR(F100)) * 4 + 1, K100="per month", (MONTH(G100) - MONTH(F100)) + (YEAR(G100) - YEAR(F100)) * 12 + 1, K100="bimonthly", ROUNDUP(((MONTH(G100) - MONTH(F100)) + (YEAR(G100) - YEAR(F100)) * 12 + 1) / 2, 0), K100="per year", (YEAR(G100) - YEAR(F100)) + 1, K100="biyear", ROUNDUP(((YEAR(G100) - YEAR(F100)) + 1) / 2, 0), TRUE, "")} -> 2 | M100: 69.331626 | N100: 41.332147
A101: Dr. Kenneth Lee | H101: =IF(ISBLANK(G101), "", IF(INT(G101 - TODAY()) >= 0, "D-" & INT(G101 - TODAY()), "D+" & ABS(INT(G101 - TODAY())))) | L101: {=_xlfn.IFS(OR(ISBLANK(F101), ISBLANK(G101), ISBLANK(K101)), "", K101="per quarter", (ROUNDUP(MONTH(G101)/3,0) - ROUNDUP(MONTH(F101)/3,0)) + (YEAR(G101) - YEAR(F101)) * 4 + 1, K101="per month", (MONTH(G101) - MONTH(F101)) + (YEAR(G101) - YEAR(F101)) * 12 + 1, K101="bimonthly", ROUNDUP(((MONTH(G101) - MONTH(F101)) + (YEAR(G101) - YEAR(F101)) * 12 + 1) / 2, 0), K101="per year", (YEAR(G101) - YEAR(F101)) + 1, K101="biyear", ROUNDUP(((YEAR(G101) - YEAR(F101)) + 1) / 2, 0), TRUE, "")} | M101: 151.20013 | N101: -33.827469
A102: Dr. Derek Mahonny | H102: =IF(ISBLANK(G102), "", IF(INT(G102 - TODAY()) >= 0, "D-" & INT(G102 - TODAY()), "D+" & ABS(INT(G102 - TODAY())))) | L102: {=_xlfn.IFS(OR(ISBLANK(F102), ISBLANK(G102), ISBLANK(K102)), "", K102="per quarter", (ROUNDUP(MONTH(G102)/3,0) - ROUNDUP(MONTH(F102)/3,0)) + (YEAR(G102) - YEAR(F102)) * 4 + 1, K102="per month", (MONTH(G102) - MONTH(F102)) + (YEAR(G102) - YEAR(F102)) * 12 + 1, K102="bimonthly", ROUNDUP(((MONTH(G102) - MONTH(F102)) + (YEAR(G102) - YEAR(F102)) * 12 + 1) / 2, 0), K102="per year", (YEAR(G102) - YEAR(F102)) + 1, K102="biyear", ROUNDUP(((YEAR(G102) - YEAR(F102)) + 1) / 2, 0), TRUE, "")} | M102: 151.24238 | N102: -33.920068
A103: Dr. Arass Jalal Noori | H103: =IF(ISBLANK(G103), "", IF(INT(G103 - TODAY()) >= 0, "D-" & INT(G103 - TODAY()), "D+" & ABS(INT(G103 - TODAY())))) | L103: {=_xlfn.IFS(OR(ISBLANK(F103), ISBLANK(G103), ISBLANK(K103)), "", K103="per quarter", (ROUNDUP(MONTH(G103)/3,0) - ROUNDUP(MONTH(F103)/3,0)) + (YEAR(G103) - YEAR(F103)) * 4 + 1, K103="per month", (MONTH(G103) - MONTH(F103)) + (YEAR(G103) - YEAR(F103)) * 12 + 1, K103="bimonthly", ROUNDUP(((MONTH(G103) - MONTH(F103)) + (YEAR(G103) - YEAR(F103)) * 12 + 1) / 2, 0), K103="per year", (YEAR(G103) - YEAR(F103)) + 1, K103="biyear", ROUNDUP(((YEAR(G103) - YEAR(F103)) + 1) / 2, 0), TRUE, "")} | M103: 45.446207 | N103: 35.55711
A104: Dr. Rekar Ismail | H104: =IF(ISBLANK(G104), "", IF(INT(G104 - TODAY()) >= 0, "D-" & INT(G104 - TODAY()), "D+" & ABS(INT(G104 - TODAY())))) | L104: {=_xlfn.IFS(OR(ISBLANK(F104), ISBLANK(G104), ISBLANK(K104)), "", K104="per quarter", (ROUNDUP(MONTH(G104)/3,0) - ROUNDUP(MONTH(F104)/3,0)) + (YEAR(G104) - YEAR(F104)) * 4 + 1, K104="per month", (MONTH(G104) - MONTH(F104)) + (YEAR(G104) - YEAR(F104)) * 12 + 1, K104="bimonthly", ROUNDUP(((MONTH(G104) - MONTH(F104)) + (YEAR(G104) - YEAR(F104)) * 12 + 1) / 2, 0), K104="per year", (YEAR(G104) - YEAR(F104)) + 1, K104="biyear", ROUNDUP(((YEAR(G104) - YEAR(F104)) + 1) / 2, 0), TRUE, "")} | M104: 44.05487 | N104: 36.242489
A105: Dr. Derek Mahonny | H105: =IF(ISBLANK(G105), "", IF(INT(G105 - TODAY()) >= 0, "D-" & INT(G105 - TODAY()), "D+" & ABS(INT(G105 - TODAY())))) | L105: {=_xlfn.IFS(OR(ISBLANK(F105), ISBLANK(G105), ISBLANK(K105)), "", K105="per quarter", (ROUNDUP(MONTH(G105)/3,0) - ROUNDUP(MONTH(F105)/3,0)) + (YEAR(G105) - YEAR(F105)) * 4 + 1, K105="per month", (MONTH(G105) - MONTH(F105)) + (YEAR(G105) - YEAR(F105)) * 12 + 1, K105="bimonthly", ROUNDUP(((MONTH(G105) - MONTH(F105)) + (YEAR(G105) - YEAR(F105)) * 12 + 1) / 2, 0), K105="per year", (YEAR(G105) - YEAR(F105)) + 1, K105="biyear", ROUNDUP(((YEAR(G105) - YEAR(F105)) + 1) / 2, 0), TRUE, "")}
A106: Dr. Ahmad Al-Hassiny | M106: 174.77875 | N106: -41.292381

Sheet targets
A1: KOL | B1: Lecture | C1: Testimonial | D1: SNS Posting | E1: Case Report | F1: R&D Feedback | G1: Webinar | H1: Article
A2: Dr. Michalis Diomataris | B2: 5 | C2: 1 | D2: 1 | E2: 1 | F2: 1 | G2: 1 | H2: 1
A3: Dr. Oguz Emeklibas | B3: 4 | C3: 1 | D3: 1 | E3: 1 | F3: 1 | G3: 1 | H3: 1
A4: Dr. Grzegorz Wasiluk | B4: 4 | C4: 1 | D4: 1 | E4: 1 | F4: 1 | G4: 1 | H4: 1
A5: Dr. Sardor Mirakhmedov | B5: 4 | C5: 1 | D5: 1 | E5: 1 | F5: 1 | G5: 1 | H5: 1
A6: Dr. Łukasz Zadrożny | B6: 4 | C6: 1 | D6: 1 | E6: 1 | F6: 1 | G6: 1 | H6: 1
A7: Dr. Robert Jung | B7: 4 | C7: 1 | D7: 1 | E7: 1 | F7: 1 | G7: 1 | H7: 1
A8: Dr. Marco Tallarico | B8: 4 | C8: 1 | D8: 1 | E8: 1 | F8: 1 | G8: 1 | H8: 1
A9: Dr. Filip Rebelo | B9: 4 | C9: 1 | D9: 1 | E9: 1 | F9: 1 | G9: 1 | H9: 1
A10: Dr. Emmanuel Bocquet | B10: 4 | C10: 1 | D10: 1 | E10: 1 | F10: 1 | G10: 1 | H10: 1
A11: Dr. Alexandre Richard | B11: 4 | C11: 1 | D11: 1 | E11: 1 | F11: 1 | G11: 1 | H11: 1
A12: Dr. Gabriel Musetescu | B12: 4 | C12: 1 | D12: 1 | E12: 1 | F12: 1 | G12: 1 | H12: 1
A13: Dr. Justinas Pletkus | B13: 4 | C13: 1 | D13: 1 | E13: 1 | F13: 1 | G13: 1 | H13: 1
... A22: Dr. Mohamed Elashry | B22: 4 | C22: 1 | D22: 1 | E22: 1 | F22: 1 | G22: 1 | H22: 1

Sheet plans
A1: KOL | B1: KOL_ID | C1: Area | D1: Country | E1: Activity | F1: Planned Date | G1: Status(Planned/Reminded/Done) | H1: Notes | I1: Days Until (D-) | J1: In Contract | K1: Admin
A2: Dr. Michalis Diomataris | B2: =VLOOKUP($A2,contracts!$A$2:$L$100,2,0) -> 107001 | C2: =VLOOKUP($A2,contracts!$A$2:$L$100,3,0) -> Europe | D2: =VLOOKUP($A2,contracts!$A$2:$L$100,4,0) -> Greece | E2: Lecture | F2: 45899 | G2: Planned | I2: =IF(ISBLANK(F2), "", IF(INT(F2 - TODAY()) >= 0, "-" & INT(F2 - TODAY()), "+" & ABS(INT(F2 - TODAY())))) -> +79 | J2: {=_xlfn.IFS(OR(ISBLANK(F2), ISBLANK(G2)), "", TODAY() > G2, "Expired", TODAY() < F2, "Not Started", TRUE, "Active")} -> Active
A3: Dr. Oguz Emeklibas | B3: =VLOOKUP($A3,contracts!$A$2:$L$100,2,0) -> 104001 | C3: =VLOOKUP($A3,contracts!$A$2:$L$100,3,0) -> Europe | D3: =VLOOKUP($A3,contracts!$A$2:$L$100,4,0) -> Germany | E3: Lecture | F3: 45955 | G3: Planned | H3: Vanest Launching Show | I3: =IF(ISBLANK(F3), "", IF(INT(F3 - TODAY()) >= 0, "-" & INT(F3 - TODAY()), "+" & ABS(INT(F3 - TODAY())))) -> +23 | J3: {=_xlfn.IFS(OR(ISBLANK(F3), ISBLANK(G3)), "", TODAY() > G3, "Expired", TODAY() < F3, "Not Started", TRUE, "Active")} -> Active
A4: Dr. Grzegorz Wasiluk | B4: =VLOOKUP($A4,contracts!$A$2:$L$100,2,0) -> 108001 | C4: =VLOOKUP($A4,contracts!$A$2:$L$100,3,0) -> Europe | D4: =VLOOKUP($A4,contracts!$A$2:$L$100,4,0) -> Poland | E4: Testimonial | F4: 45949 | G4: Planned | I4: =IF(ISBLANK(F4), "", IF(INT(F4 - TODAY()) >= 0, "-" & INT(F4 - TODAY()), "+" & ABS(INT(F4 - TODAY())))) -> +29 | J4: {=_xlfn.IFS(OR(ISBLANK(F4), ISBLANK(G4)), "", TODAY() > G4, "Expired", TODAY() < F4, "Not Started", TRUE, "Active")} -> Active
A5: Dr. Sardor Mirakhmedov | B5: =VLOOKUP($A5,contracts!$A$2:$L$100,2,0) -> 206001 | C5: =VLOOKUP($A5,contracts!$A$2:$L$100,3,0) -> APAC | D5: =VLOOKUP($A5,contracts!$A$2:$L$100,4,0) -> Uzbekistan | E5: Lecture | F5: 45917 | G5: Planned | I5: =IF(ISBLANK(F5), "", IF(INT(F5 - TODAY()) >= 0, "-" & INT(F5 - TODAY()), "+" & ABS(INT(F5 - TODAY())))) -> +61 | J5: {=_xlfn.IFS(OR(ISBLANK(F5), ISBLANK(G5)), "", TODAY() > G5, "Expired", TODAY() < F5, "Not Started", TRUE, "Active")} -> Active
A6: Dr. Łukasz Zadrożny | B6: =VLOOKUP($A6,contracts!$A$2:$L$100,2,0) -> 108003 | C6: =VLOOKUP($A6,contracts!$A$2:$L$100,3,0) -> Europe | D6: =VLOOKUP($A6,contracts!$A$2:$L$100,4,0) -> Poland | I6: =IF(ISBLANK(F6), "", IF(INT(F6 - TODAY()) >= 0, "-" & INT(F6 - TODAY()), "+" & ABS(INT(F6 - TODAY())))) | J6: {=_xlfn.IFS(OR(ISBLANK(F6), ISBLANK(G6)), "", TODAY() > G6, "Expired", TODAY() < F6, "Not Started", TRUE, "Active")}
A7: Dr. Robert Jung | B7: =VLOOKUP($A7,contracts!$A$2:$L$100,2,0) -> 101001 | C7: =VLOOKUP($A7,contracts!$A$2:$L$100,3,0) -> Europe | D7: =VLOOKUP($A7,contracts!$A$2:$L$100,4,0) -> UK | E7: Academy | F7: 45899 | G7: Planned | I7: =IF(ISBLANK(F7), "", IF(INT(F7 - TODAY()) >= 0, "-" & INT(F7 - TODAY()), "+" & ABS(INT(F7 - TODAY())))) -> +79 | J7: {=_xlfn.IFS(OR(ISBLANK(F7), ISBLANK(G7)), "", TODAY() > G7, "Expired", TODAY() < F7, "Not Started", TRUE, "Active")} -> Active
A8: Dr. Marco Tallarico | B8: =VLOOKUP($A8,contracts!$A$2:$L$100,2,0) -> 111001 | C8: =VLOOKUP($A8,contracts!$A$2:$L$100,3,0) -> Europe | D8: =VLOOKUP($A8,contracts!$A$2:$L$100,4,0) -> Italy | I8: =IF(ISBLANK(F8), "", IF(INT(F8 - TODAY()) >= 0, "-" & INT(F8 - TODAY()), "+" & ABS(INT(F8 - TODAY())))) | J8: {=_xlfn.IFS(OR(ISBLANK(F8), ISBLANK(G8)), "", TODAY() > G8, "Expired", TODAY() < F8, "Not Started", TRUE, "Active")}
A9: Dr. Filip Rebelo | B9: =VLOOKUP($A9,contracts!$A$2:$L$100,2,0) -> 102001 | C9: =VLOOKUP($A9,contracts!$A$2:$L$100,3,0) -> Europe | D9: =VLOOKUP($A9,contracts!$A$2:$L$100,4,0) -> Sweden | E9: Hands-on | F9: 45898 | G9: Planned | I9: =IF(ISBLANK(F9), "", IF(INT(F9 - TODAY()) >= 0, "-" & INT(F9 - TODAY()), "+" & ABS(INT(F9 - TODAY())))) -> +80 | J9: {=_xlfn.IFS(OR(ISBLANK(F9), ISBLANK(G9)), "", TODAY() > G9, "Expired", TODAY() < F9, "Not Started", TRUE, "Active")} -> Active
A10: Dr. Emmanuel Bocquet | B10: =VLOOKUP($A10,contracts!$A$2:$L$100,2,0) -> 103004 | C10: =VLOOKUP($A10,contracts!$A$2:$L$100,3,0) -> Europe | D10: =VLOOKUP($A10,contracts!$A$2:$L$100,4,0) -> France | E10: Lecture | F10: 45975 | G10: Planned | H10: ADF 2025 | I10: =IF(ISBLANK(F10), "", IF(INT(F10 - TODAY()) >= 0, "-" & INT(F10 - TODAY()), "+" & ABS(INT(F10 - TODAY())))) -> +3 | J10: {=_xlfn.IFS(OR(ISBLANK(F10), ISBLANK(G10)), "", TODAY() > G10, "Expired", TODAY() < F10, "Not Started", TRUE, "Active")} -> Active
A11: Dr. Emmanuel Bocquet | B11: =VLOOKUP($A11,contracts!$A$2:$L$100,2,0) -> 103004 | C11: =VLOOKUP($A11,contracts!$A$2:$L$100,3,0) -> Europe | D11: =VLOOKUP($A11,contracts!$A$2:$L$100,4,0) -> France | E11: Lecture | F11: 45962 | G11: Planned | I11: =IF(ISBLANK(F11), "", IF(INT(F11 - TODAY()) >= 0, "-" & INT(F11 - TODAY()), "+" & ABS(INT(F11 - TODAY())))) -> +16 | J11: {=_xlfn.IFS(OR(ISBLANK(F11), ISBLANK(G11)), "", TODAY() > G11, "Expired", TODAY() < F11, "Not Started", TRUE, "Active")} -> Active
A12: Dr. Alexandre Richard | B12: =VLOOKUP($A12,contracts!$A$2:$L$100,2,0) -> 103001 | C12: =VLOOKUP($A12,contracts!$A$2:$L$100,3,0) -> Europe | D12: =VLOOKUP($A12,contracts!$A$2:$L$100,4,0) -> France | E12: Lecture | F12: 46000 | G12: Planned | I12: =IF(ISBLANK(F12), "", IF(INT(F12 - TODAY()) >= 0, "-" & INT(F12 - TODAY()), "+" & ABS(INT(F12 - TODAY())))) -> -22 | J12: {=_xlfn.IFS(OR(ISBLANK(F12), ISBLANK(G12)), "", TODAY() > G12, "Expired", TODAY() < F12, "Not Started", TRUE, "Active")} -> Not Started
A13: Dr. Gabriel Musetescu | B13: =VLOOKUP($A13,contracts!$A$2:$L$100,2,0) -> 106001 | C13: =VLOOKUP($A13,contracts!$A$2:$L$100,3,0) -> Europe | D13: =VLOOKUP($A13,contracts!$A$2:$L$100,4,0) -> Romania | E13: SNS Posting | F13: 45930 | G13: Planned | I13: =IF(ISBLANK(F13), "", IF(INT(F13 - TODAY()) >= 0, "-" & INT(F13 - TODAY()), "+" & ABS(INT(F13 - TODAY())))) -> +48 | J13: {=_xlfn.IFS(OR(ISBLANK(F13), ISBLANK(G13)), "", TODAY() > G13, "Expired", TODAY() < F13, "Not Started", TRUE, "Active")} -> Active
A14: Dr. Justinas Pletkus | B14: =VLOOKUP($A14,contracts!$A$2:$L$100,2,0) -> 105001 | C14: =VLOOKUP($A14,contracts!$A$2:$L$100,3,0) -> Europe | D14: =VLOOKUP($A14,contracts!$A$2:$L$100,4,0) -> Lithuania | I14: =IF(ISBLANK(F14), "", IF(INT(F14 - TODAY()) >= 0, "-" & INT(F14 - TODAY()), "+" & ABS(INT(F14 - TODAY())))) | J14: {=_xlfn.IFS(OR(ISBLANK(F14), ISBLANK(G14)), "", TODAY() > G14, "Expired", TODAY() < F14, "Not Started", TRUE, "Active")}
A15: Dr. Anton Sadovnyshyi | B15: =VLOOKUP($A15,contracts!$A$2:$L$100,2,0) -> 109001 | C15: =VLOOKUP($A15,contracts!$A$2:$L$100,3,0) -> Europe | D15: =VLOOKUP($A15,contracts!$A$2:$L$100,4,0) -> Ukraine | E15: Testimonial | F15: 46031 | G15: Planned | I15: =IF(ISBLANK(F15), "", IF(INT(F15 - TODAY()) >= 0, "-" & INT(F15 - TODAY()), "+" & ABS(INT(F15 - TODAY())))) -> -53 | J15: {=_xlfn.IFS(OR(ISBLANK(F15), ISBLANK(G15)), "", TODAY() > G15, "Expired", TODAY() < F15, "Not Started", TRUE, "Active")} -> Not Started
A16: Dr. Yevhenii Sluchevskyi | B16: =VLOOKUP($A16,contracts!$A$2:$L$100,2,0) -> 109002 | C16: =VLOOKUP($A16,contracts!$A$2:$L$100,3,0) -> Europe | D16: =VLOOKUP($A16,contracts!$A$2:$L$100,4,0) -> Ukraine | E16: Academy | F16: 45899 | G16: Planned | I16: =IF(ISBLANK(F16), "", IF(INT(F16 - TODAY()) >= 0, "-" & INT(F16 - TODAY()), "+" & ABS(INT(F16 - TODAY())))) -> +79 | J16: {=_xlfn.IFS(OR(ISBLANK(F16), ISBLANK(G16)), "", TODAY() > G16, "Expired", TODAY() < F16, "Not Started", TRUE, "Active")} -> Active
A17: Dr. Manapat Thaveeprungsiporn | B17: =VLOOKUP($A17,contracts!$A$2:$L$100,2,0) -> 205001 | C17: =VLOOKUP($A17,contracts!$A$2:$L$100,3,0) -> APAC | D17: =VLOOKUP($A17,contracts!$A$2:$L$100,4,0) -> Thailand | I17: =IF(ISBLANK(F17), "", IF(INT(F17 - TODAY()) >= 0, "-" & INT(F17 - TODAY()), "+" & ABS(INT(F17 - TODAY())))) | J17: {=_xlfn.IFS(OR(ISBLANK(F17), ISBLANK(G17)), "", TODAY() > G17, "Expired", TODAY() < F17, "Not Started", TRUE, "Active")}
A18: Dr. Sapaar Bayarmagnai | B18: =VLOOKUP($A18,contracts!$A$2:$L$100,2,0) -> 202001 | C18: =VLOOKUP($A18,contracts!$A$2:$L$100,3,0) -> APAC | D18: =VLOOKUP($A18,contracts!$A$2:$L$100,4,0) -> Mongolia | E18: Lecture | F18: 46031 | G18: Planned | I18: =IF(ISBLANK(F18), "", IF(INT(F18 - TODAY()) >= 0, "-" & INT(F18 - TODAY()), "+" & ABS(INT(F18 - TODAY())))) -> -53 | J18: {=_xlfn.IFS(OR(ISBLANK(F18), ISBLANK(G18)), "", TODAY() > G18, "Expired", TODAY() < F18, "Not Started", TRUE, "Active")} -> Not Started
A19: Dr. Priyam Aditya | B19: =VLOOKUP($A19,contracts!$A$2:$L$100,2,0) -> 203002 | C19: =VLOOKUP($A19,contracts!$A$2:$L$100,3,0) -> APAC | D19: =VLOOKUP($A19,contracts!$A$2:$L$100,4,0) -> India | E19: Lecture | F19: 45930 | G19: Planned | I19: =IF(ISBLANK(F19), "", IF(INT(F19 - TODAY()) >= 0, "-" & INT(F19 - TODAY()), "+" & ABS(INT(F19 - TODAY())))) -> +48 | J19: {=_xlfn.IFS(OR(ISBLANK(F19), ISBLANK(G19)), "", TODAY() > G19, "Expired", TODAY() < F19, "Not Started", TRUE, "Active")} -> Active
A20: Dr. Ahmad Al Hassiny | B20: =VLOOKUP($A20,contracts!$A$2:$L$100,2,0) -> 204001 | C20: =VLOOKUP($A20,contracts!$A$2:$L$100,3,0) -> APAC | D20: =VLOOKUP($A20,contracts!$A$2:$L$100,4,0) -> New Zealand | I20: =IF(ISBLANK(F20), "", IF(INT(F20 - TODAY()) >= 0, "-" & INT(F20 - TODAY()), "+" & ABS(INT(F20 - TODAY())))) | J20: {=_xlfn.IFS(OR(ISBLANK(F20), ISBLANK(G20)), "", TODAY() > G20, "Expired", TODAY() < F20, "Not Started", TRUE, "Active")}
A21: Dr. Sameh Shaaban | B21: =VLOOKUP($A21,contracts!$A$2:$L$100,2,0) -> 301001 | C21: =VLOOKUP($A21,contracts!$A$2:$L$100,3,0) -> MEA | D21: =VLOOKUP($A21,contracts!$A$2:$L$100,4,0) -> Egypt | E21: Testimonial | F21: 45949 | G21: Planned | I21: =IF(ISBLANK(F21), "", IF(INT(F21 - TODAY()) >= 0, "-" & INT(F21 - TODAY()), "+" & ABS(INT(F21 - TODAY())))) -> +29 | J21: {=_xlfn.IFS(OR(ISBLANK(F21), ISBLANK(G21)), "", TODAY() > G21, "Expired", TODAY() < F21, "Not Started", TRUE, "Active")} -> Active
A22: Dr. Amr Elkhadem | B22: =VLOOKUP($A22,contracts!$A$2:$L$100,2,0) -> 301002 | C22: =VLOOKUP($A22,contracts!$A$2:$L$100,3,0) -> MEA | D22: =VLOOKUP($A22,contracts!$A$2:$L$100,4,0) -> Egypt | E22: SNS Posting | F22: 46031 | G22: Planned | I22: =IF(ISBLANK(F22), "", IF(INT(F22 - TODAY()) >= 0, "-" & INT(F22 - TODAY()), "+" & ABS(INT(F22 - TODAY())))) -> -53 | J22: {=_xlfn.IFS(OR(ISBLANK(F22), ISBLANK(G22)), "", TODAY() > G22, "Expired", TODAY() < F22, "Not Started", TRUE, "Active")} -> Not Started
A23: Dr. Mohamed Elashry | B23: =VLOOKUP($A23,contracts!$A$2:$L$100,2,0) -> 301003 | C23: =VLOOKUP($A23,contracts!$A$2:$L$100,3,0) -> MEA | D23: =VLOOKUP($A23,contracts!$A$2:$L$100,4,0) -> Egypt | E23: Academy | F23: 46031 | G23: Planned | I23: =IF(ISBLANK(F23), "", IF(INT(F23 - TODAY()) >= 0, "-" & INT(F23 - TODAY()), "+" & ABS(INT(F23 - TODAY())))) -> -53 | J23: {=_xlfn.IFS(OR(ISBLANK(F23), ISBLANK(G23)), "", TODAY() > G23, "Expired", TODAY() < F23, "Not Started", TRUE, "Active")} -> Not Started
I24: =IF(F24="","",F24-TODAY()) | J24: =IF(OR(F24="",A24=""),"",AND(F24>=INDEX([1]Contracts!$B:$B, MATCH(A24, [1]Contracts!$A:$A, 0)), F24<=INDEX([1]Contracts!$C:$C, MATCH(A24, [1]Contracts!$A:$A, 0))))
I25: =IF(F25="","",F25-TODAY()) | J25: =IF(OR(F25="",A25=""),"",AND(F25>=INDEX([1]Contracts!$B:$B, MATCH(A25, [1]Contracts!$A:$A, 0)), F25<=INDEX([1]Contracts!$C:$C, MATCH(A25, [1]Contracts!$A:$A, 0))))
I26: =IF(F26="","",F26-TODAY()) | J26: =IF(OR(F26="",A26=""),"",AND(F26>=INDEX([1]Contracts!$B:$B, MATCH(A26, [1]Contracts!$A:$A, 0)), F26<=INDEX([1]Contracts!$C:$C, MATCH(A26, [1]Contracts!$A:$A, 0))))
I27: =IF(F27="","",F27-TODAY()) | J27: =IF(OR(F27="",A27=""),"",AND(F27>=INDEX([1]Contracts!$B:$B, MATCH(A27, [1]Contracts!$A:$A, 0)), F27<=INDEX([1]Contracts!$C:$C, MATCH(A27, [1]Contracts!$A:$A, 0))))
I28: =IF(F28="","",F28-TODAY()) | J28: =IF(OR(F28="",A28=""),"",AND(F28>=INDEX([1]Contracts!$B:$B, MATCH(A28, [1]Contracts!$A:$A, 0)), F28<=INDEX([1]Contracts!$C:$C, MATCH(A28, [1]Contracts!$A:$A, 0))))
I29: =IF(F29="","",F29-TODAY()) | J29: =IF(OR(F29="",A29=""),"",AND(F29>=INDEX([1]Contracts!$B:$B, MATCH(A29, [1]Contracts!$A:$A, 0)), F29<=INDEX([1]Contracts!$C:$C, MATCH(A29, [1]Contracts!$A:$A, 0))))
I30: =IF(F30="","",F30-TODAY()) | J30: =IF(OR(F30="",A30=""),"",AND(F30>=INDEX([1]Contracts!$B:$B, MATCH(A30, [1]Contracts!$A:$A, 0)), F30<=INDEX([1]Contracts!$C:$C, MATCH(A30, [1]Contracts!$A:$A, 0))))
I31: =IF(F31="","",F31-TODAY()) | J31: =IF(OR(F31="",A31=""),"",AND(F31>=INDEX([1]Contracts!$B:$B, MATCH(A31, [1]Contracts!$A:$A, 0)), F31<=INDEX([1]Contracts!$C:$C, MATCH(A31, [1]Contracts!$A:$A, 0))))
I32: =IF(F32="","",F32-TODAY()) | J32: =IF(OR(F32="",A32=""),"",AND(F32>=INDEX([1]Contracts!$B:$B, MATCH(A32, [1]Contracts!$A:$A, 0)), F32<=INDEX([1]Contracts!$C:$C, MATCH(A32, [1]Contracts!$A:$A, 0))))
I33: =IF(F33="","",F33-TODAY()) | J33: =IF(OR(F33="",A33=""),"",AND(F33>=INDEX([1]Contracts!$B:$B, MATCH(A33, [1]Contracts!$A:$A, 0)), F33<=INDEX([1]Contracts!$C:$C, MATCH(A33, [1]Contracts!$A:$A, 0))))
I34: =IF(F34="","",F34-TODAY()) | J34: =IF(OR(F34="",A34=""),"",AND(F34>=INDEX([1]Contracts!$B:$B, MATCH(A34, [1]Contracts!$A:$A, 0)), F34<=INDEX([1]Contracts!$C:$C, MATCH(A34, [1]Contracts!$A:$A, 0))))
I35: =IF(F35="","",F35-TODAY()) | J35: =IF(OR(F35="",A35=""),"",AND(F35>=INDEX([1]Contracts!$B:$B, MATCH(A35, [1]Contracts!$A:$A, 0)), F35<=INDEX([1]Contracts!$C:$C, MATCH(A35, [1]Contracts!$A:$A, 0))))
... I1007: =IF(F1007="","",F1007-TODAY()) | J1007: =IF(OR(F1007="",A1007=""),"",AND(F1007>=INDEX([1]Contracts!$B:$B, MATCH(A1007, [1]Contracts!$A:$A, 0)), F1007<=INDEX([1]Contracts!$C:$C, MATCH(A1007, [1]Contracts!$A:$A, 0))))

Sheet tracking
A1: Name | B1: KOL_ID | C1: Area | D1: Country | E1: Quarter | F1: Month | G1: Week | H1: Activity | I1: Count
A2: Dr. Robert Jung | B2: =VLOOKUP($A2,contracts!$A$2:$L$100,2,0) -> 101001 | C2: =VLOOKUP($A2,contracts!$A$2:$L$100,3,0) -> Europe | D2: =VLOOKUP($A2,contracts!$A$2:$L$100,4,0) -> UK | E2: {=_xlfn.IFS(ISBLANK(F2), "", OR(F2="Jan", F2="Feb", F2="Mar"), "Q1", OR(F2="April", F2="May", F2="June"), "Q2", OR(F2="July", F2="August", F2="September"), "Q3", OR(F2="October", F2="November", F2="December"), "Q4", TRUE, "")} -> Q2 | F2: April | G2: 2w | H2: Contract
A3: Dr. Robert Jung | B3: =VLOOKUP($A3,contracts!$A$2:$L$100,2,0) -> 101001 | C3: =VLOOKUP($A3,contracts!$A$2:$L$100,3,0) -> Europe | D3: =VLOOKUP($A3,contracts!$A$2:$L$100,4,0) -> UK | E3: {=_xlfn.IFS(ISBLANK(F3), "", OR(F3="Jan", F3="Feb", F3="Mar"), "Q1", OR(F3="April", F3="May", F3="June"), "Q2", OR(F3="July", F3="August", F3="September"), "Q3", OR(F3="October", F3="November", F3="December"), "Q4", TRUE, "")} -> Q2 | F3: May | G3: 3w | H3: Lecture
A4: Dr. Robert Jung | B4: =VLOOKUP($A4,contracts!$A$2:$L$100,2,0) -> 101001 | C4: =VLOOKUP($A4,contracts!$A$2:$L$100,3,0) -> Europe | D4: =VLOOKUP($A4,contracts!$A$2:$L$100,4,0) -> UK | E4: {=_xlfn.IFS(ISBLANK(F4), "", OR(F4="Jan", F4="Feb", F4="Mar"), "Q1", OR(F4="April", F4="May", F4="June"), "Q2", OR(F4="July", F4="August", F4="September"), "Q3", OR(F4="October", F4="November", F4="December"), "Q4", TRUE, "")} -> Q3 | F4: July | G4: 1w | H4: MOS Test
A5: Dr. Robert Jung | B5: =VLOOKUP($A5,contracts!$A$2:$L$100,2,0) -> 101001 | C5: =VLOOKUP($A5,contracts!$A$2:$L$100,3,0) -> Europe | D5: =VLOOKUP($A5,contracts!$A$2:$L$100,4,0) -> UK | E5: {=_xlfn.IFS(ISBLANK(F5), "", OR(F5="Jan", F5="Feb", F5="Mar"), "Q1", OR(F5="April", F5="May", F5="June"), "Q2", OR(F5="July", F5="August", F5="September"), "Q3", OR(F5="October", F5="November", F5="December"), "Q4", TRUE, "")} -> Q3 | F5: August | G5: 4w | H5: i900MTest
A6: Dr. Robert Jung | B6: =VLOOKUP($A6,contracts!$A$2:$L$100,2,0) -> 101001 | C6: =VLOOKUP($A6,contracts!$A$2:$L$100,3,0) -> Europe | D6: =VLOOKUP($A6,contracts!$A$2:$L$100,4,0) -> UK | E6: {=_xlfn.IFS(ISBLANK(F6), "", OR(F6="Jan", F6="Feb", F6="Mar"), "Q1", OR(F6="April", F6="May", F6="June"), "Q2", OR(F6="July", F6="August", F6="September"), "Q3", OR(F6="October", F6="November", F6="December"), "Q4", TRUE, "")} -> Q3 | F6: September | G6: 3w | H6: Auraview Test
A7: Dr. Robert Jung | B7: =VLOOKUP($A7,contracts!$A$2:$L$100,2,0) -> 101001 | C7: =VLOOKUP($A7,contracts!$A$2:$L$100,3,0) -> Europe | D7: =VLOOKUP($A7,contracts!$A$2:$L$100,4,0) -> UK | E7: {=_xlfn.IFS(ISBLANK(F7), "", OR(F7="Jan", F7="Feb", F7="Mar"), "Q1", OR(F7="April", F7="May", F7="June"), "Q2", OR(F7="July", F7="August", F7="September"), "Q3", OR(F7="October", F7="November", F7="December"), "Q4", TRUE, "")} -> Q4 | F7: October | G7: 4w | H7: Lecture
A8: Dr. Filip Rebelo | B8: =VLOOKUP($A8,contracts!$A$2:$L$100,2,0) -> 102001 | C8: =VLOOKUP($A8,contracts!$A$2:$L$100,3,0) -> Europe | D8: =VLOOKUP($A8,contracts!$A$2:$L$100,4,0) -> Sweden | E8: {=_xlfn.IFS(ISBLANK(F8), "", OR(F8="Jan", F8="Feb", F8="Mar"), "Q1", OR(F8="April", F8="May", F8="June"), "Q2", OR(F8="July", F8="August", F8="September"), "Q3", OR(F8="October", F8="November", F8="December"), "Q4", TRUE, "")} -> Q2 | F8: April | G8: 2w | H8: Contract
A9: Dr. Filip Rebelo | B9: =VLOOKUP($A9,contracts!$A$2:$L$100,2,0) -> 102001 | C9: =VLOOKUP($A9,contracts!$A$2:$L$100,3,0) -> Europe | D9: =VLOOKUP($A9,contracts!$A$2:$L$100,4,0) -> Sweden | E9: {=_xlfn.IFS(ISBLANK(F9), "", OR(F9="Jan", F9="Feb", F9="Mar"), "Q1", OR(F9="April", F9="May", F9="June"), "Q2", OR(F9="July", F9="August", F9="September"), "Q3", OR(F9="October", F9="November", F9="December"), "Q4", TRUE, "")} -> Q2 | F9: April | G9: 3w | H9: i900c shipment
A10: Dr. Filip Rebelo | B10: =VLOOKUP($A10,contracts!$A$2:$L$100,2,0) -> 102001 | C10: =VLOOKUP($A10,contracts!$A$2:$L$100,3,0) -> Europe | D10: =VLOOKUP($A10,contracts!$A$2:$L$100,4,0) -> Sweden | E10: {=_xlfn.IFS(ISBLANK(F10), "", OR(F10="Jan", F10="Feb", F10="Mar"), "Q1", OR(F10="April", F10="May", F10="June"), "Q2", OR(F10="July", F10="August", F10="September"), "Q3", OR(F10="October", F10="November", F10="December"), "Q4", TRUE, "")} -> Q2 | F10: May | G10: 1w | H10: Contents creation
A11: Dr. Filip Rebelo | B11: =VLOOKUP($A11,contracts!$A$2:$L$100,2,0) -> 102001 | C11: =VLOOKUP($A11,contracts!$A$2:$L$100,3,0) -> Europe | D11: =VLOOKUP($A11,contracts!$A$2:$L$100,4,0) -> Sweden | E11: {=_xlfn.IFS(ISBLANK(F11), "", OR(F11="Jan", F11="Feb", F11="Mar"), "Q1", OR(F11="April", F11="May", F11="June"), "Q2", OR(F11="July", F11="August", F11="September"), "Q3", OR(F11="October", F11="November", F11="December"), "Q4", TRUE, "")} -> Q2 | F11: May | G11: 4w | H11: Lecture
A12: Dr. Alexandre Richard | B12: =VLOOKUP($A12,contracts!$A$2:$L$100,2,0) -> 103001 | C12: =VLOOKUP($A12,contracts!$A$2:$L$100,3,0) -> Europe | D12: =VLOOKUP($A12,contracts!$A$2:$L$100,4,0) -> France | E12: {=_xlfn.IFS(ISBLANK(F12), "", OR(F12="Jan", F12="Feb", F12="Mar"), "Q1", OR(F12="April", F12="May", F12="June"), "Q2", OR(F12="July", F12="August", F12="September"), "Q3", OR(F12="October", F12="November", F12="December"), "Q4", TRUE, "")} -> Q2 | F12: April | G12: 4w | H12: Contract
A13: Dr. Alexandre Richard | B13: =VLOOKUP($A13,contracts!$A$2:$L$100,2,0) -> 103001 | C13: =VLOOKUP($A13,contracts!$A$2:$L$100,3,0) -> Europe | D13: =VLOOKUP($A13,contracts!$A$2:$L$100,4,0) -> France | E13: {=_xlfn.IFS(ISBLANK(F13), "", OR(F13="Jan", F13="Feb", F13="Mar"), "Q1", OR(F13="April", F13="May", F13="June"), "Q2", OR(F13="July", F13="August", F13="September"), "Q3", OR(F13="October", F13="November", F13="December"), "Q4", TRUE, "")} -> Q2 | F13: May | G13: 4w | H13: i900 shipment
... A138: Dr. Derek Mahonny | B138: =VLOOKUP($A138,contracts!$A$2:$L$100,2,0) -> #N/A | C138: =VLOOKUP($A138,contracts!$A$2:$L$100,3,0) -> #N/A | D138: =VLOOKUP($A138,contracts!$A$2:$L$100,4,0) -> #N/A | E138: {=_xlfn.IFS(ISBLANK(F138), "", OR(F138="Jan", F138="Feb", F138="Mar"), "Q1", OR(F138="April", F138="May", F138="June"), "Q2", OR(F138="July", F138="August", F138="September"), "Q3", OR(F138="October", F138="November", F138="December"), "Q4", TRUE, "")} -> Q4 | F138: December | G138: 5w | H138: case report
